0	😀	grinning face	cheerful cheery face grin grinning happy laugh nice smile smiling teeth	嘿嘿	笑脸 脸 高兴
0	😃	grinning face with big eyes	awesome big eyes face grin grinning happy mouth open smile smiling teeth yay	哈哈	太棒了 开口笑 开口笑脸 笑脸 脸 高兴
0	😄	grinning face with smiling eyes	eye eyes face grin grinning happy laugh lol mouth open smile smiling	大笑	哈哈 开口而笑的脸 开心 笑 脸 露齿而笑 高兴
0	😁	beaming face with smiling eyes	beaming eye eyes face grin grinning happy nice smile smiling teeth	嘻嘻	笑脸 笑颜 脸 露齿而笑
0	😆	grinning squinting face	closed eyes face grinning haha hahaha happy laugh lol mouth open rofl smile smiling squinting	斜眼笑	lol 咧嘴笑 哈哈 开心 眯眼 眯眼大笑 笑 脸 高兴
0	😅	grinning face with sweat	cold dejected excited face grinning mouth nervous open smile smiling stress stressed sweat	苦笑	冷汗 出汗 开口冒冷汗的脸 汗 泄气 紧张 脸
0	🤣	rolling on the floor laughing	crying face floor funny haha happy hehe hilarious joy laugh lmao lol rofl roflmao rolling tear	笑得满地打滚	lolol 乐翻了 哈哈 地板 太扯了 打滚 满地打滚的笑 笑 笑得流泪 脸 超扯
0	😂	face with tears of joy	crying face feels funny haha happy hehe hilarious joy laugh lmao lol rofl roflmao tear	笑哭了	lol 喜极而泣 大笑 眼泪 笑 笑哭 脸
0	🙂	slightly smiling face	face happy slightly smile smiling	呵呵	开心 浅笑的脸 笑 脸
0	🙃	upside-down face	face hehe smile upside-down	倒脸	好玩 好笑 脸 颠倒 颠倒的脸
0	🫠	melting face	disappear dissolve embarrassed face haha heat hot liquid lol melt melting sarcasm sarcastic	融化	冷笑 哈哈 尴尬 微笑 消失 液体 溶解 热
0	😉	winking face	face flirt heartbreaker sexy slide tease wink winking winks	眨眼	媚眼 撩拨 眨眼的脸 笑 脸
0	😊	smiling face with smiling eyes	blush eye eyes face glad satisfied smile smiling	羞涩微笑	害羞 微笑 满意 笑脸相迎 羞涩 脸 脸红
0	😇	smiling face with halo	angel angelic angels blessed face fairy fairytale fantasy halo happy innocent peaceful smile smiling spirit tale	微笑天使	光环 天使 天真 幻想 微笑 脸 顶罩光环的笑脸
0	🥰	smiling face with hearts	3 adore crush face heart hearts ily love romance smile smiling you	喜笑颜开	三颗爱心的笑脸 心 我爱你 爱慕 相爱 笑脸 迷恋 陷入爱河
0	😍	smiling face with heart-eyes	143 bae eye face feels heart-eyes hearts ily kisses love romance romantic smile xoxo	花痴	我爱你 爱 红心 脸
0	🤩	star-struck	excited eyes face grinning smile star starry-eyed wow	好崇拜哦	兴奋 咧嘴笑 满天星 满眼星 脸 追星族 露齿笑
0	😘	face blowing a kiss	adorbs bae blowing face flirt heart ily kiss love lover miss muah romantic smooch xoxo you	飞吻	亲亲 想你 我爱你 眨眼 脸
0	😗	kissing face	143 date dating face flirt ily kiss love smooch smooches xoxo you	亲亲	亲吻 吻 脸
0	☺️	smiling face	face happy outlined relaxed smile smiling	微笑	呵呵 开心 放松 笑 脸
0	😚	kissing face with closed eyes	143 bae blush closed date dating eye eyes face flirt ily kisses kissing smooches xoxo	羞涩亲亲	亲亲 吻 我爱你 羞涩 脸 闭眼 闭眼亲吻
0	😙	kissing face with smiling eyes	143 closed date dating eye eyes face flirt ily kiss kisses kissing love night smile smiling	微笑亲亲	亲亲 吻 微笑 笑颜亲吻 脸
0	🥲	smiling face with tear	face glad grateful happy joy pain proud relieved smile smiley smiling tear touched	含泪的笑脸	喜悦 喜极而泣 幸福 微笑 微笑的 感动 感动的 感恩的 感激 眼泪 笑中带泪 笑脸 自豪 苦中作乐 释怀的 骄傲的
0	😋	face savoring food	delicious eat face food full hungry savor smile smiling tasty um yum yummy	好吃	口水 哈喇子 津津有味 流口水 美味 脸
0	😛	face with tongue	awesome cool face nice party stuck-out sweet tongue	吐舌	吐舌头的脸 太好了 脸 舌头 调皮
0	😜	winking face with tongue	crazy epic eye face funny joke loopy nutty party stuck-out tongue wacky weirdo wink winking yolo	单眼吐舌	单眼 古怪 吐舌 开玩笑 怪人 挤眉弄眼 脸
0	🤪	zany face	crazy eye eyes face goofy large small zany	滑稽	大小眼 大眼 小眼 滑稽的脸 疯狂的脸 疯眼 疯脸 脸
0	😝	squinting face with tongue	closed eye eyes face gross horrible omg squinting stuck-out taste tongue whatever yolo	眯眼吐舌	可怕 吐舌 尝 眯眼 眼睛 脸 都好 随便
0	🤑	money-mouth face	face money money-mouth mouth paid	发财	拜金 脸 见钱眼开 金钱至上 钱
0	🤗	smiling face with open hands	face hands hug hugging open smiling	抱抱	抱 拥抱 笑 脸
0	🤭	face with hand over mouth	face giggle giggling hand mouth oops realization secret shock sudden surprise whoops	不说	不可说 傻笑 吃吃傻笑 哎呀 意外 捂嘴而笑 猛然发现 秘密 脸
0	🫢	face with open eyes and hand over mouth	amazement awe disbelief embarrass eyes face gasp hand mouth omg open over quiet scared shock surprise	睁眼捂嘴	哇塞 哑口无言 害怕 尴尬 怀疑 惊奇 惊愕 惊讶 敬畏 震惊
0	🫣	face with peeking eye	captivated embarrass eye face hide hiding peek peeking peep scared shy stare	偷看	偷窥 凝视 害怕 害羞 尴尬 迷住
0	🤫	shushing face	face quiet shh shush shushing	安静的脸	嘘 嘘声手势的脸 安静
0	🤔	thinking face	chin consider face hmm ponder pondering thinking wondering	想一想	思考 想 想事情 脸
0	🫡	saluting face	face good luck ma’am ok respect salute saluting sir troops yes	致敬	军队 好 好的 收到 敬礼 是 阳光
0	🤐	zipper-mouth face	face keep mouth quiet secret shut zip zipper zipper-mouth	闭嘴	住嘴 嘴 封口 秘密 脸
0	🤨	face with raised eyebrow	disapproval disbelief distrust emoji eyebrow face hmm mild raised skeptic skeptical skepticism surprise what	挑眉	不信任 不敢置信 不赞同 怀疑 氧起眉毛的脸 眉毛上挑的脸 脸
0	😐️	neutral face	awkward blank deadpan expressionless face fine jealous meh neutral oh shade straight unamused unhappy unimpressed whatever	冷漠	无感 脸 表情空洞 面无表情
0	😑	expressionless face	awkward dead expressionless face fine inexpressive jealous meh not oh omg straight uh unhappy unimpressed whatever	无语	没有反应 绷着脸 脸 茫然 面无表情
0	😶	face without mouth	awkward blank expressionless face mouth mouthless mute quiet secret silence silent speechless	沉默	嘴 安静 没嘴 秘密 脸
0	🫥	dotted line face	depressed disappear dotted face hidden hide introvert invisible line meh whatever wtv	虚线脸	内向 无所谓 沮丧 消失 隐形 隐藏
0	😶‍🌫️	face in clouds	absentminded clouds face fog head	迷茫	迷茫
0	😏	smirking face	boss dapper face flirt homie kidding leer shade slick sly smirk smug snicker suave suspicious swag	得意	假笑 冷笑 得意的笑 脸 诡异地笑
0	😒	unamused face	... bored face fine jealous jel jelly pissed smh ugh uhh unamused unhappy weird whatever	不高兴	不屑 不服 不爽的脸 脸 郁闷 鄙视 随便啦
0	🙄	face with rolling eyes	eyeroll eyes face rolling shade ugh whatever	翻白眼	不敢苟同 无语 白眼 脸 随便啦
0	😬	grimacing face	awk awkward dentist face grimace grimacing grinning smile smiling	龇牙咧嘴	咬牙切齿 尴尬 牙医 脸 露齿 露齿而笑 鬼脸
0	😮‍💨	face exhaling	blow blowing exhale exhaling exhausted face gasp groan relief sigh smiley smoke whisper whistle	呼气	叹息 叹气 吹气 呼气的脸 唉 无奈 松一口气 疲惫 笑脸 释然
0	🤥	lying face	face liar lie lying pinocchio	说谎	匹诺曹 脸 长鼻子 长鼻子脸
0	🫨	shaking face	crazy daze earthquake face omg panic shaking shock surprise vibrate whoa wow	颤抖	哇 地震 天啊 惊喜 惊慌 晕头转向 疯狂 脸 震动 震惊
0	😌	relieved face	calm face peace relief relieved zen	松了口气	如释重负 松口气 脸 蝉
0	😔	pensive face	awful bored dejected died disappointed face losing lost pensive sad sucks	沉思	失落 心事重重 忧虑 脸
0	😪	sleepy face	crying face good night sad sleep sleeping sleepy tired	困	哭 想睡 满脸睡容 疲惫 睡觉 瞌睡 脸
0	🤤	drooling face	drooling face	流口水	口水 垂涎 垂涎三尺 流口水的脸 脸
0	😴	sleeping face	bed bedtime face good goodnight nap night sleep sleeping tired whatever yawn zzz	睡着了	呼噜 小睡 想睡 打呼 晚安 睡容 睡觉 累 累了 脸
0	😷	face with medical mask	cold dentist dermatologist doctor dr face germs mask medical medicine sick	感冒	医生 口罩 戴口罩 戴口罩的脸 生病 病菌 脸
0	🤒	face with thermometer	face ill sick thermometer	发烧	体温计 咬着体温计的脸 温度计 生病 脸 量体温
0	🤕	face with head-bandage	bandage face head-bandage hurt injury ouch	受伤	头绑绷带 打绷带 脸
0	🤢	nauseated face	face gross nasty nauseated sick vomit	恶心	吐 呕 恶心作呕的脸 脸 脸绿了
0	🤮	face vomiting	barf ew face gross puke sick spew throw up vomit vomiting	呕吐	不舒服 吐 呕吐的脸 生病 病容 病恹恹 脸
0	🤧	sneezing face	face fever flu gesundheit sick sneeze sneezing	打喷嚏	喷嚏 打喷嚏的脸 生病 脸 鼻涕
0	🥵	hot face	dying face feverish heat hot panting red-faced stroke sweating tongue	脸发烧	中暑 冒汗 出汗 发烧 发热 吐舌 心狂跳 热 脸红
0	🥶	cold face	blue blue-faced cold face freezing frostbite icicles subzero teeth	冷脸	冰柱 冷 冷冰冰 冻 冻僵 满面寒霜 脸 脸色发青 蓝色 零下
0	🥴	woozy face	dizzy drunk eyes face intoxicated mouth tipsy uneven wavy woozy	头昏眼花	两眼不平 喝醉 嘴唇颤抖 头晕目眩 头晕眼花 微醉 微醺 波浪嘴形 眩晕的脸 眼花 醉醺醺
0	😵	face with crossed-out eyes	crossed-out dead dizzy eyes face feels knocked out sick tired	晕头转向	头晕 头晕眼花 晕头 晕头的脸 脸
0	😵‍💫	face with spiral eyes	confused dizzy eyes face hypnotized omg smiley spiral trouble whoa woah woozy	晕	哇 哎呀 头晕 笑脸 迷糊
0	🤯	exploding head	blown explode exploding head mind mindblown no shocked way	爆炸头	不可能 印象深刻 吓到了 惊吓 震惊
0	🤠	cowboy hat face	cowboy cowgirl face hat	牛仔帽脸	帽 牛仔 脸
0	🥳	partying face	bday birthday celebrate celebration excited face happy hat hooray horn party partying	聚会笑脸	号角 喝彩 帽子 庆祝 派对 狂欢的脸 生日 聚会 脸 节日快乐
0	🥸	disguised face	disguise eyebrow face glasses incognito moustache mustache nose person spy tache tash	伪装的脸	人物 伪装 眉毛 眼镜 胡子 脸 间谍 隐瞒身份 鼻子
0	😎	smiling face with sunglasses	awesome beach bright bro chilling cool face rad relaxed shades slay smile style sunglasses swag win	墨镜笑脸	墨镜 太阳镜 眼镜 耶 脸 酷
0	🤓	nerd face	brainy clever expert face geek gifted glasses intelligent nerd smart	书呆子脸	专家 书呆子 天才 奇葩 宅男 极客 眼镜 眼镜笑脸 聪明 脸
0	🧐	face with monocle	classy face fancy monocle rich stuffy wealthy	带单片眼镜的脸	单眼镜 古板 奢华 富有 戴单眼镜的脸
0	😕	confused face	befuddled confused confusing dunno face frown hm meh not sad sorry sure	困扰	不懂 不确定 困惑 疑惑 脸
0	🫤	face with diagonal mouth	confused confusion diagonal disappointed doubt doubtful face frustrated frustration meh mouth skeptical unsure whatever wtv	郁闷	不相信 不确定 困惑 失望 怀疑 无所谓 无聊 沮丧 疑惑 迷惘
0	😟	worried face	anxious butterflies face nerves nervous sad stress stressed surprised worried worry	担心	不高兴 伤心 忧心的脸 意外 担忧 焦虑 紧张 脸
0	🙁	slightly frowning face	face frown frowning sad slightly	微微不满	不开心 不高兴 不高兴的脸 委屈 小委屈 心情不好 脸
0	☹️	frowning face	face frown frowning sad	不满	不爽 不高兴 委屈 皱眉 皱眉的脸 脸
0	😮	face with open mouth	believe face forgot mouth omg open shocked surprised sympathy unbelievable unreal whoa wow you	吃惊	同情 啊 忘记 我不信 我的天 脸
0	😯	hushed face	epic face hushed omg stunned surprised whoa woah	缄默	吃惊 哦 我的天 脸 静而无语
0	😲	astonished face	astonished cost face no omg shocked totally way	震惊	不可以 惊 惊讶 惊讶的脸 没可能 绝不 脸
0	😳	flushed face	amazed awkward crazy dazed dead disbelief embarrassed face flushed geez heat hot impressed jeez what wow	脸红	困惑 天呀 害羞 羞涩 脸 茫然 迷茫 难以置信
0	🥺	pleading face	begging big eyes face mercy not pleading please pretty puppy sad why	恳求的脸	可怜兮兮的眼神 大眼睛 小狗的脸 怜悯 祈求 祈求的脸 脸 请求
0	🥹	face holding back tears	admiration aww back cry embarrassed face feelings grateful gratitude holding joy please proud resist sad tears	忍住泪水	哭泣 喜极而泣 尴尬 悲伤 情绪 感激 感谢 抗拒 拜托 生气 自豪
0	😦	frowning face with open mouth	caught face frown frowning guard mouth open scared scary surprise what wow	啊	惊讶 意外 目瞪口呆 脸
0	😧	anguished face	anguished face forgot scared scary stressed surprise unhappy what wow	极度痛苦	痛 痛啊 痛苦 脸 难受
0	😨	fearful face	afraid anxious blame face fear fearful scared worried	害怕	不安 怕 恐怖 恐惧 脸
0	😰	anxious face with sweat	anxious blue cold eek face mouth nervous open rushed scared sweat yikes	冷汗	张嘴冒冷汗的脸 惊讶 无语 汗 焦虑 紧张 脸
0	😥	sad but relieved face	anxious call close complicated disappointed face not relieved sad sweat time whew	失望但如释重负	下次吧 出冷汗 失望 失望但解脱 如释重负 脸
0	😢	crying face	awful cry crying face feels miss sad tear triste unhappy	哭	伤心 哀伤 哭脸 泪 脸
0	😭	loudly crying face	bawling cry crying face loudly sad sob tear tears unhappy	放声大哭	哭 大哭 放声大哭的脸 泪 痛哭 脸
0	😱	face screaming in fear	epic face fear fearful munch scared scream screamer screaming shocked surprised woah	吓死了	吓死 害怕 尖叫 恐怖 惊吓大叫的脸 脸
0	😖	confounded face	annoyed confounded confused cringe distraught face feels frustrated mad sad	困惑	困惑的脸 焦头烂额 纠结 脸
0	😣	persevering face	concentrate concentration face focus headache persevere persevering	痛苦	专注 入定 头痛 忍耐 脸 难受
0	😞	disappointed face	awful blame dejected disappointed face fail losing sad unhappy	失望	不高兴 失望的脸 脸 难过
0	😓	downcast face with sweat	close cold downcast face feels headache nervous sad scared sweat yikes	汗	冒冷汗 冒汗 冷 尴尬 担心 脸
0	😩	weary face	crying face fail feels hungry mad nooo sad sleepy tired unhappy weary	累死了	疲倦 疲劳 疲惫 累 脸
0	😫	tired face	cost face feels nap sad sneeze tired	累	倦容 疲倦 疲劳 疲惫 脸
0	🥱	yawning face	bedtime bored face goodnight nap night sleep sleepy tired whatever yawn yawning zzz	打呵欠	呵欠 哈欠 困 困倦 夜里 打哈欠 打哈欠的脸 无聊 昏昏欲睡 晚安 疲倦 累
0	😤	face with steam from nose	anger angry face feels fume fuming furious fury mad nose steam triumph unhappy won	傲慢	不爽 愤怒 气炸了 胜利 自负 赢 趾高气昂
0	😡	enraged face	anger angry enraged face feels mad maddening pouting rage red shade unhappy upset	怒火中烧	发火 发飙 怒 生气 脸
0	😠	angry face	anger angry blame face feels frustrated mad maddening rage shade unhappy upset	生气	不爽 不高兴 怒 愤怒 脸
0	🤬	face with symbols on mouth	censor cursing cussing face mad mouth pissed swearing symbols	嘴上有符号的脸	不爽 发誓 咒骂 生气 碎碎唸的脸 脸 诅咒
0	😈	smiling face with horns	demon devil evil face fairy fairytale fantasy horns purple shade smile smiling tale	恶魔微笑	幻想 微笑 犄角 神话故事 脸 邪魔
0	👿	angry face with horns	angry demon devil evil face fairy fairytale fantasy horns imp mischievous purple shade tale	生气的恶魔	带角的怒容 幻想 恶魔 犄角 脸 顽童
0	💀	skull	body dead death face fairy fairytale i’m lmao monster tale yolo	头骨	妖怪 怪兽 死亡 神话故事 脸 身体 骷髅
0	☠️	skull and crossbones	bone crossbones dead death face monster skull	骷髅	交叉股骨 头骨 妖怪 怪物 死亡 海盗 脸 骨头
0	💩	pile of poo	bs comic doo dung face fml monster pile poo poop smelly smh stink stinks stinky turd	大便	好臭 屎 怪物 粑粑 脸 臭
0	🤡	clown face	clown face	小丑脸	小丑 脸
0	👹	ogre	creature devil face fairy fairytale fantasy mask monster scary tale	食人魔	吓人 妖怪 幻想 日本 神话故事 脸 面具 鬼 魔鬼
0	👺	goblin	angry creature face fairy fairytale fantasy mask mean monster tale	小妖精	妖怪 幻想 怪物 日本 神话故事 脸 鬼
0	👻	ghost	boo creature excited face fairy fairytale fantasy halloween haunting monster scary silly tale	鬼	万圣节 妖怪 幻想 幽灵 怪物 神话故事 脸 鬼脸
0	👽️	alien	creature extraterrestrial face fairy fairytale fantasy monster space tale ufo	外星人	ufo 外太空 外星 太空 幻想 星际 脸 飞碟
0	👾	alien monster	alien creature extraterrestrial face fairy fairytale fantasy game gamer games monster pixelated space tale ufo	外星怪物	ufo 外星 外星人 太空 怪物 星际 脸 飞碟
0	🤖	robot	face monster	机器人	怪物 脸
0	😺	grinning cat	animal cat face grinning mouth open smile smiling	大笑的猫	哈哈 大笑的猫脸 猫脸 笑 脸
0	😸	grinning cat with smiling eyes	animal cat eye eyes face grin grinning smile smiling	微笑的猫	呵呵 微笑的猫脸 猫脸 笑 笑颜逐开 脸
0	😹	cat with tears of joy	animal cat face joy laugh laughing lol tear tears	笑出眼泪的猫	喜极而泣 快乐 猫脸 眼泪 笑出眼泪 笑出眼泪的猫脸 脸
0	😻	smiling cat with heart-eyes	animal cat eye face heart heart-eyes love smile smiling	花痴的猫	wc 喜欢 心 猫 猫脸 脸 花痴 花痴的猫脸
0	😼	cat with wry smile	animal cat face ironic smile wry	奸笑的猫	嘲讽笑容 奸笑 奸笑的猫脸 猫脸 脸 讽刺
0	😽	kissing cat	animal cat closed eye eyes face kiss kissing	亲亲猫	亲亲 吻 猫脸 猫脸亲亲 脸 闭眼亲亲的猫脸
0	🙀	weary cat	animal cat face oh surprised weary	疲倦的猫	惊讶 猫脸 疲倦 疲倦的猫脸 疲劳 疲惫 累 脸
0	😿	crying cat	animal cat cry crying face sad tear	哭泣的猫	哭 哭泣的猫脸 泪 猫脸 眼泪 脸 难过
0	😾	pouting cat	animal cat face pouting	生气的猫	猫脸 生气 生气的猫脸 脸
0	🙈	see-no-evil monkey	embarrassed evil face forbidden forgot gesture hide monkey no omg prohibited scared secret smh watch	非礼勿视	不许看 别看 尴尬 糗 脸 蒙住眼睛 蒙眼
0	🙉	hear-no-evil monkey	animal ears evil face forbidden gesture hear listen monkey no not prohibited secret shh tmi	非礼勿听	嘘 堵上耳朵 堵耳 猴子 脸
0	🙊	speak-no-evil monkey	animal evil face forbidden gesture monkey no not oops prohibited quiet secret speak stealth	非礼勿言	不许说 捂上嘴巴 捂嘴 秘密 脸
0	💌	love letter	heart letter love mail romance valentine	情书	信 心 邮件
0	💘	heart with arrow	143 adorbs arrow cupid date emotion heart ily love romance valentine	心中箭了	一箭穿心 丘比特 我爱你 浪漫 爱情 箭 红心
0	💝	heart with ribbon	143 anniversary emotion heart ily kisses ribbon valentine xoxo	系有缎带的心	我爱你 爱的礼物 绑丝带的心 送你一颗心
0	💖	sparkling heart	143 emotion excited good heart ily kisses morning night sparkle sparkling xoxo	闪亮的心	我爱你 激动 红心 闪亮
0	💗	growing heart	143 emotion excited growing heart heartpulse ily kisses muah nervous pulse xoxo	搏动的心	亲亲 吻 我爱你 搏动 激动 紧张 红心
0	💓	beating heart	143 beating cardio emotion heart heartbeat ily love pulsating pulse	心跳	心动 我爱你 爱
0	💞	revolving hearts	143 adorbs anniversary emotion heart hearts revolving	舞动的心	我爱你 旋转 涌动 跃动
0	💕	two hearts	143 anniversary date dating emotion heart hearts ily kisses love loving two xoxo	两颗心	我爱你 爱情
0	💟	heart decoration	143 decoration emotion heart hearth purple white	心型装饰	心 我爱你 装饰
0	❣️	heart exclamation	exclamation heart heavy mark punctuation	心叹号	叹号 心动 标点符号
0	💔	broken heart	break broken crushed emotion heart heartbroken lonely sad	心碎	伤心
0	❤️‍🔥	heart on fire	burn fire heart love lust sacred	火上之心	渴望 燃烧 爱
0	❤️‍🩹	mending heart	healthier heart improving mending recovering recuperating well	修复受伤的心灵	修补 恢复 痊愈
0	❤️	red heart	emotion heart love red	红心	心 爱
0	🩷	pink heart	143 adorable cute emotion heart ily like love pink special sweet	粉红色的心	可爱 喜欢 心 感情 我爱你 爱 特殊 甜蜜 粉红 讨人喜欢
0	🧡	orange heart	143 heart orange	橙心	橘心 橘色 橘色的心 橙
0	💛	yellow heart	143 cardiac emotion heart ily love yellow	黄心	我爱你 黄
0	💚	green heart	143 emotion green heart ily love romantic	绿心	我爱你 绿
0	💙	blue heart	143 blue emotion heart ily love romance	蓝心	我爱你 蓝
0	🩵	light blue heart	143 blue cute cyan emotion heart ily light like love sky special teal	浅蓝色的心	可爱 喜欢 天蓝 心 感情 我爱你 浅蓝 爱 特殊 蓝绿 蓝绿色 青色
0	💜	purple heart	143 bestest emotion heart ily love purple	紫心	我爱你 紫
0	🤎	brown heart	143 brown heart	棕心	心 心形 棕 棕色 棕色爱心 爱心
0	🖤	black heart	black evil heart wicked	黑心	心 邪恶 黑 黑色 黑色的心
0	🩶	grey heart	143 emotion gray grey heart ily love silver slate special	灰心	心 感情 我爱你 暗灰 灰 灰色 爱 特殊 银 银色
0	🤍	white heart	143 heart white	白心	心 心形 爱心 白 白色 白色爱心
0	💋	kiss mark	dating emotion heart kiss kissing lips mark romance sexy	唇印	亲吻 吻 唇 性感 接吻 浪漫
0	💯	hundred points	100 a+ agree clearly definitely faithful fleek full hundred keep perfect point score true truth yup	一百分	100 满分 百分百 绝对 考试
0	💢	anger symbol	anger angry comic mad symbol upset	怒	火大 生气 青筋
0	💥	collision	bomb boom collide comic explode	爆炸	撞 旺 炸 爆
0	💫	dizzy	comic shining shooting star stars	头晕	头晕目眩 星星 流星
0	💦	sweat droplets	comic drip droplet droplets drops splashing squirt sweat water wet work workout	汗滴	喷溅 小水滴 小水珠 汗 泼贱 溅
0	💨	dashing away	away cloud comic dash dashing fart fast go gone gotta running smoke	尾气	扬尘而去 放屁 烟 疾驰而去 飞奔而去
0	🕳️	hole	hole	洞	井盖 坑 陷阱
0	💬	speech balloon	balloon bubble comic dialog message sms speech talk text typing	话语气泡	发言 对话框 气泡 气泡对话框 气球 漫画
0	👁️‍🗨️	eye in speech bubble	balloon bubble eye speech witness	眼睛对话框	对话框 目擊 眼睛
0	🗨️	left speech bubble	balloon bubble dialog left speech	朝左的话语气泡	对话框 话语
0	🗯️	right anger bubble	anger angry balloon bubble mad right	愤怒话语气泡	右倾愤怒对话框 对话框 愤怒
0	💭	thought balloon	balloon bubble cartoon cloud comic daydream decisions dream idea invent invention realize think thoughts wonder	内心活动气泡	对话框 思想 思想活动 想法 梦 气泡 泡泡对话框 白日梦
0	💤	ZZZ	comic good goodnight night sleep sleeping sleepy tired zzz	睡着	呼噜 困了 想睡 打呼 晚安 疲倦
1	👋	waving hand	bye cya g2g greetings gtg hand hello hey hi later outtie ttfn ttyl wave yo you	挥手	你好 再见 嗨 在吗 手 等一下 等等 该走了
1	🤚	raised back of hand	back backhand hand raised	立起的手背	举起 举起手背 手 手背 立起
1	🖐️	hand with fingers splayed	finger fingers hand raised splayed stop	手掌	举起张开的手掌 击掌 布 手 禁止
1	✋️	raised hand	5 five hand high raised stop	举起手	举手 举起的手 五指 停 击掌 手
1	🖖	vulcan salute	finger hand hands salute vulcan	瓦肯举手礼	手 敬礼 斯波克 星际迷航 瓦肯
1	🫱	rightwards hand	hand handshake hold reach right rightward rightwards shake	向右的手	伸手 右 右手 向右 手 握手
1	🫲	leftwards hand	hand handshake hold left leftward leftwards reach shake	向左的手	伸手 向左 左 左手 手 握手
1	🫳	palm down hand	dismiss down drop dropped hand palm pick shoo up	掌心向下的手	下投 手 扔掉 拿起 捡起 解散 驱赶
1	🫴	palm up hand	beckon catch come hand hold know lift me offer palm tell	掌心向上的手	不知道 召唤 告诉我 手 拿着 接住 提供 过来 送出
1	🫷	leftwards pushing hand	block five halt hand high hold leftward leftwards pause push pushing refuse slap stop wait	向左推	中止 停止 击掌 向左 往左 手 拒绝 推 暂停 等等 阻挡
1	🫸	rightwards pushing hand	block five halt hand high hold pause push pushing refuse rightward rightwards slap stop wait	向右推	中止 停止 击掌 向右 往右 手 拒绝 推 暂停 等等 阻挡
1	👌	OK hand	awesome bet dope fleek fosho got gotcha hand legit ok okay pinch rad sure sweet three	OK	ok ok 手势 可以 同意 好的 当然 手 没问题 确定
1	🤌	pinched fingers	fingers gesture hand hold huh interrogation patience pinched relax sarcastic ugh what zip	捏手指	为什么 你到底在说什么 匮乏 审讯 强调 您要什么 手势 手指 挖苦 放松点
1	🤏	pinching hand	amount bit fingers hand little pinching small sort	捏合的手势	一点 一点点 小 少 少量 手指 捏着 某种程度上
1	✌️	victory hand	hand peace v victory	胜利手势	v 和平 成功 手 胜利
1	🤞	crossed fingers	cross crossed finger fingers hand luck	交叉的手指	交叉 幸运 手 手指 祝好运
1	🫰	hand with index finger and thumb crossed	<3 crossed expensive finger hand heart index love money snap thumb	食指与拇指交叉的手	响指 心 手 昂贵 比心 爱 爱心 金钱 钞票
1	🤟	love-you gesture	fingers gesture hand ily love love-you three you	爱你的手势	三种 我爱你 手 爱你
1	🤘	sign of the horns	finger hand horns rock-on sign	摇滚	手 摇滚精神 燥起来 角 金属礼
1	🤙	call me hand	call hand hang loose me shaka	给我打电话	手 打电话给我 电话 给我打电话的手势
1	👈️	backhand index pointing left	backhand finger hand index left point pointing	反手食指向左指	反手 向左指 手 指左 食指
1	👉️	backhand index pointing right	backhand finger hand index point pointing right	反手食指向右指	反手 向右指 手 指右 食指
1	👆️	backhand index pointing up	backhand finger hand index point pointing up	反手食指向上指	反手 向上指 手 指上 食指
1	🖕	middle finger	finger hand middle	竖中指	中指 反手 手
1	👇️	backhand index pointing down	backhand down finger hand index point pointing	反手食指向下指	反手 向下指 手 指下 食指
1	☝️	index pointing up	finger hand index point pointing this up	食指向上指	向上指 手 指上 食指
1	🫵	index pointing at the viewer	at finger hand index pointing poke viewer you	指向观察者的食指	伸出手指 你 戳 手指 指 指向
1	👍️	thumbs up	+1 good hand like thumb up yes	拇指向上	同意 好 手 拇指 真棒 赞 赞成 顶一下
1	👎️	thumbs down	-1 bad dislike down good hand no nope thumb thumbs	拇指向下	不赞成 反对 否决 手 责备
1	✊️	raised fist	clenched fist hand punch raised solidarity	举起拳头	举拳 团结 手 拳头 握拳
1	👊	oncoming fist	absolutely agree boom bro bruh bump clenched correct fist hand knuckle oncoming pound punch rock ttyl	出拳	完全同意 手 打 拳 挥拳过来 绝对正确
1	🤛	left-facing fist	fist left-facing leftwards	朝左的拳头	拳头 朝左
1	🤜	right-facing fist	fist right-facing rightwards	朝右的拳头	手 拳头 朝右
1	👏	clapping hands	applause approval awesome clap congrats congratulations excited good great hand homie job nice prayed well yay	鼓掌	干得好 恭喜 拍手 赞成
1	🙌	raising hands	celebration gesture hand hands hooray praise raised raising	举双手	举手 击掌 双手 庆祝 手
1	🫶	heart hands	<3 hands heart love you	做成心形的双手	手 比心 爱 爱你 爱心
1	👐	open hands	hand hands hug jazz open swerve	张开双手	十 双手 摊手
1	🤲	palms up together	cupped dua hands palms pray prayer together up wish	掌心向上托起	双掌 双掌向上 希望 祈祷 祷告
1	🤝	handshake	agreement deal hand meeting shake	握手	一言为定 会面 协议 君子协定
1	🙏	folded hands	appreciate ask beg blessed bow cmon five folded gesture hand high please pray thanks thx	双手合十	合掌 感恩 拜托 祈求 祈祷 祈福 祝福 谢谢
1	✍️	writing hand	hand write writing	写字	写 手 笔
1	💅	nail polish	bored care cosmetics done makeup manicure nail polish whatever	涂指甲油	修指甲 忙完了 护手 指甲油 美甲 闷 随便啦
1	🤳	selfie	camera phone	自拍	手机 相机
1	💪	flexed biceps	arm beast bench biceps bodybuilder bro curls flex gains gym jacked muscle press ripped strong weightlift	肌肉	二头肌 健身房 强壮
1	🦾	mechanical arm	accessibility arm mechanical prosthetic	机械手臂	义肢 手臂 无障碍
1	🦿	mechanical leg	accessibility leg mechanical prosthetic	机械腿	义肢 无障碍 腿
1	🦵	leg	bent foot kick knee limb	腿	弯腿 肢体 脚 跛行 踢
1	🦶	foot	ankle feet kick stomp	脚	足踝 踏 踝 踢 踩 踱
1	👂️	ear	body ears hear hearing listen listening sound	耳朵	仔细听 听 耳
1	🦻	ear with hearing aid	accessibility aid ear hard hearing	戴助听器的耳朵	助听器 听力障碍 听障 失聪 无障碍 耳聋 聋
1	👃	nose	body noses nosey odor smell smells	鼻子	嗅 气味 闻 鼻
1	🧠	brain	intelligent smart	脑	大脑 头脑 智慧 智能 聪明
1	🫀	anatomical heart	anatomical beat cardiology heart heartbeat organ pulse real red	心脏器官	中心 器官 心率 心脏 心脏病学 心跳 真心 红心 解剖 身体
1	🫁	lungs	breath breathe exhalation inhalation lung organ respiration	肺	吸气 呼吸 呼吸作用 呼气 器官 肺部 身体
1	🦷	tooth	dentist pearly teeth white	牙齿	牙医 牙科医生 珍珠色 白色
1	🦴	bone	bones dog skeleton wishbone	骨头	叉骨 狗 骨骼
1	👀	eyes	body eye face googly look looking omg peep see seeing	双眼	看 眼睛 窥视 身体
1	👁️	eye	1 body one	眼睛	单眼 看 眼 身体
1	👅	tongue	body lick slurp	舌头	啧啧地喝 舌 舔 身体
1	👄	mouth	beauty body kiss kissing lips lipstick	嘴	口 口红 吻 唇 唇膏
1	🫦	biting lip	anxious bite biting fear flirt flirting kiss lip lipstick nervous sexy uncomfortable worried worry	咬住嘴唇	不舒服 口红 咬嘴唇 嘴唇 害怕 性感 担心 接吻 焦虑 紧张 调情
1	👶	baby	babies children goo infant newborn pregnant young	小宝贝	孩子 宝宝 小毛头
1	🧒	child	bright-eyed grandchild kid young younger	儿童	中性 小孩 年轻人 性别不明 性别中立
1	👦	boy	bright-eyed child grandson kid son young younger	男孩	儿童 孩子 小孩 男
1	👧	girl	bright-eyed child daughter granddaughter kid virgo young younger zodiac	女孩	儿童 大眼女孩 女 女儿 孩子 小孩
1	🧑	person	adult	成人	中性 性别中立 性格不明
1	👱	person: blond hair	blond blond-haired human person	金色头发的人	人 脸 金发
1	👨	man	adult bro	男人	兄弟 成人 男
1	🧔	person: beard	beard bearded person whiskers	有胡子的人	人 大胡子 男 络腮胡 胡子 胡须 腮帮子 连鬓胡子
1	🧔‍♂️	man: beard	beard bearded man whiskers	有络腮胡子的男人	男人 胡子
1	🧔‍♀️	woman: beard	beard bearded whiskers woman	有络腮胡子的女人	女人 胡子
1	👨‍🦰	man: red hair	adult bro man red hair	男人: 红发	兄弟 成人 男 男人 红发
1	👨‍🦱	man: curly hair	adult bro curly hair man	男人: 卷发	兄弟 卷发 成人 男 男人
1	👨‍🦳	man: white hair	adult bro man white hair	男人: 白发	兄弟 成人 男 男人 白发
1	👨‍🦲	man: bald	adult bald bro man	男人: 秃顶	兄弟 成人 男 男人 秃顶
1	👩	woman	adult lady	女人	女 淑女 金发
1	👩‍🦰	woman: red hair	adult lady red hair woman	女人: 红发	女 女人 淑女 红发 金发
1	🧑‍🦰	person: red hair	adult person red hair	成人: 红发	中性 性别中立 性格不明 成人 红发
1	👩‍🦱	woman: curly hair	adult curly hair lady woman	女人: 卷发	卷发 女 女人 淑女 金发
1	🧑‍🦱	person: curly hair	adult curly hair person	成人: 卷发	中性 卷发 性别中立 性格不明 成人
1	👩‍🦳	woman: white hair	adult lady white hair woman	女人: 白发	女 女人 淑女 白发 金发
1	🧑‍🦳	person: white hair	adult person white hair	成人: 白发	中性 性别中立 性格不明 成人 白发
1	👩‍🦲	woman: bald	adult bald lady woman	女人: 秃顶	女 女人 淑女 秃顶 金发
1	🧑‍🦲	person: bald	adult bald person	成人: 秃顶	中性 性别中立 性格不明 成人 秃顶
1	👱‍♀️	woman: blond hair	blond blond-haired blonde hair woman	金发女	女 金发
1	👱‍♂️	man: blond hair	blond blond-haired hair man	金发男	男 金发
1	🧓	older person	adult elderly grandparent old person wise	老年人	中性 性别不明 性别中性 成人 熟龄 老人 老男人 老龄
1	👴	old man	adult bald elderly gramps grandfather grandpa man old wise	老爷爷	祖父 秃头 老人 老头
1	👵	old woman	adult elderly grandma grandmother granny lady old wise woman	老奶奶	祖母 老人 老太
1	🙍	person frowning	annoyed disappointed disgruntled disturbed frown frowning frustrated gesture irritated person upset	皱眉	不开心 不满 不爽 失望 心烦意乱 恼火 沮丧 皱眉的人
1	🙍‍♂️	man frowning	annoyed disappointed disgruntled disturbed frown frowning frustrated gesture irritated man upset	皱眉男	不开心 男 皱眉 表情
1	🙍‍♀️	woman frowning	annoyed disappointed disgruntled disturbed frown frowning frustrated gesture irritated upset woman	皱眉女	不开心 女 皱眉
1	🙎	person pouting	disappointed downtrodden frown grimace person pouting scowl sulk upset whine	撅嘴	不开心 不高兴 低落 噘嘴 失望 怒视 撅嘴的人 生闷气 皱眉 苦相 表情
1	🙎‍♂️	man pouting	disappointed downtrodden frown grimace man pouting scowl sulk upset whine	撅嘴男	不开心 噘嘴 男 表情
1	🙎‍♀️	woman pouting	disappointed downtrodden frown grimace pouting scowl sulk upset whine woman	撅嘴女	不开心 噘嘴 女
1	🙅	person gesturing NO	forbidden gesture hand no not person prohibit	禁止手势	不允许 不可能 不行 不通过 反对 手 用手势表示不的人 禁止
1	🙅‍♂️	man gesturing NO	forbidden gesture hand man no not prohibit	禁止手势男	不行 反对 男 禁止
1	🙅‍♀️	woman gesturing NO	forbidden gesture hand no not prohibit woman	禁止手势女	不行 反对 女 禁止
1	🙆	person gesturing OK	exercise gesture gesturing hand ok omg person	OK手势	ok ok手势 同意 女子用手势表示好 好的 手 手势 摆姿势 锻炼
1	🙆‍♂️	man gesturing OK	exercise gesture gesturing hand man ok omg	OK手势男	ok ok手势男 可以 同意 好的 男 运动
1	🙆‍♀️	woman gesturing OK	exercise gesture gesturing hand ok omg woman	OK手势女	ok ok手势女 可以 同意 女 好的
1	💁	person tipping hand	fetch flick flip gossip hand person sarcasm sarcastic sassy seriously tipping whatever	前台	介绍 伸手给小费 信息 八卦 帮助 手 拨弄头发 自信时髦 请您离开 随便啦
1	💁‍♂️	man tipping hand	fetch flick flip gossip hand man sarcasm sarcastic sassy seriously tipping whatever	前台男	前台 嘲讽 小费 男
1	💁‍♀️	woman tipping hand	fetch flick flip gossip hand sarcasm sarcastic sassy seriously tipping whatever woman	前台女	前台 女
1	🙋	person raising hand	gesture hand here know me person pick question raise raising	举手	举手的人 嗨 开心 我参加 我可以帮忙 我知道 手 看这里 选我
1	🙋‍♂️	man raising hand	gesture hand here know man me pick question raise raising	男生举手	举手 发问 手势 男
1	🙋‍♀️	woman raising hand	gesture hand here know me pick question raise raising woman	女生举手	举手 女
1	🧏	deaf person	accessibility deaf ear gesture hear person	失聪者	听力 听力障碍 听障 无障碍 耳朵 耳聋 聋
1	🧏‍♂️	deaf man	accessibility deaf ear gesture hear man	失聪的男人	听力障碍 男 耳朵 聋
1	🧏‍♀️	deaf woman	accessibility deaf ear gesture hear woman	失聪的女人	听力障碍 女 耳朵 聋
1	🙇	person bowing	apology ask beg bow bowing favor forgive gesture meditate meditation person pity regret sorry	鞠躬	不好意思 冥想 姿势 对不起 惭愧 感谢 懊悔 祈求宽恕 道歉 鞠躬的人
1	🙇‍♂️	man bowing	apology ask beg bow bowing favor forgive gesture man meditate meditation pity regret sorry	男生鞠躬	不好意思 对不起 男 道歉
1	🙇‍♀️	woman bowing	apology ask beg bow bowing favor forgive gesture meditate meditation pity regret sorry woman	女生鞠躬	不好意思 女 对不起 道歉 静思 鞠躬
1	🤦	person facepalming	again bewilder disbelief exasperation facepalm no not oh omg person shock smh	捂脸	人 尴尬 恼怒 我的天哪 扶额 无语 难以置信 震惊
1	🤦‍♂️	man facepalming	again bewilder disbelief exasperation facepalm man no not oh omg shock smh	男生捂脸	尴尬 恼怒 我的天哪 扶额 捂脸 无奈 无语 男 男子捂脸 难以置信 震惊
1	🤦‍♀️	woman facepalming	again bewilder disbelief exasperation facepalm no not oh omg shock smh woman	女生捂脸	女 女子捂脸 尴尬 恼怒 我的天哪 扶额 捂脸 无奈 无语 难以置信 震惊
1	🤷	person shrugging	doubt dunno guess idk ignorance indifference knows maybe person shrug shrugging whatever who	耸肩	不关心 不知道 人 天晓得 怀疑 我哪知 我猜的 无所谓 无视
1	🤷‍♂️	man shrugging	doubt dunno guess idk ignorance indifference knows man maybe shrug shrugging whatever who	男生耸肩	不关心 不知道 天晓得 怀疑 我哪知 我猜的 无所谓 无视 男 男子耸肩 耸肩
1	🤷‍♀️	woman shrugging	doubt dunno guess idk ignorance indifference knows maybe shrug shrugging whatever who woman	女生耸肩	不关心 不知道 天晓得 女 女子耸肩 怀疑 我哪知 我猜的 无所谓 无视 耸肩
1	🧑‍⚕️	health worker	doctor health healthcare nurse therapist worker	卫生工作者	医生 护士 治疗师
1	👨‍⚕️	man health worker	doctor health healthcare man nurse therapist worker	男医生	医护人员 医生 护士 治疗师 男 男人 男治疗师
1	👩‍⚕️	woman health worker	doctor health healthcare nurse therapist woman worker	女医生	医护人员 医生 女 女人 女治疗师 护士 治疗师
1	🧑‍🎓	student	graduate	学生	毕业 毕业生
1	👨‍🎓	man student	graduate man student	男学生	学生 毕业 男
1	👩‍🎓	woman student	graduate student woman	女学生	女 学生 毕业
1	🧑‍🏫	teacher	instructor lecturer professor	老师	教师 教授
1	👨‍🏫	man teacher	instructor lecturer man professor teacher	男老师	教师 教授 男 老师
1	👩‍🏫	woman teacher	instructor lecturer professor teacher woman	女老师	女 教师 教授 老师
1	🧑‍⚖️	judge	justice law scales	法官	法律
1	👨‍⚖️	man judge	judge justice law man scales	男法官	正义 法官 法律 男
1	👩‍⚖️	woman judge	judge justice law scales woman	女法官	女 正义 法官 法律
1	🧑‍🌾	farmer	gardener rancher	农民	园丁
1	👨‍🌾	man farmer	farmer gardener man rancher	农夫	农民 园丁 牧场主人 牧场工人 男
1	👩‍🌾	woman farmer	farmer gardener rancher woman	农妇	农民 园丁 女 牧场主人 牧场工
1	🧑‍🍳	cook	chef	厨师	做饭 大厨
1	👨‍🍳	man cook	chef cook man	男厨师	做饭 厨师 大厨 男
1	👩‍🍳	woman cook	chef cook woman	女厨师	做饭 厨师 大厨 女
1	🧑‍🔧	mechanic	electrician plumber tradesperson	技工	水管工 电工
1	👨‍🔧	man mechanic	electrician man mechanic plumber tradesperson	男技工	技工 机械工 杂工 水管工 水管工人 电工 男
1	👩‍🔧	woman mechanic	electrician mechanic plumber tradesperson woman	女技工	修理工 女 技工 水电工 水管工 水管工人 电工
1	🧑‍🏭	factory worker	assembly factory industrial worker	工人	工业 工厂 装配
1	👨‍🏭	man factory worker	assembly factory industrial man worker	男工人	工业 工人 工厂 男 组装工 装配
1	👩‍🏭	woman factory worker	assembly factory industrial woman worker	女工人	女 工业 工人 工厂 装配
1	🧑‍💼	office worker	architect business manager office white-collar worker	白领	商人 建筑师 经理
1	👨‍💼	man office worker	architect business man manager office white-collar worker	男白领	商人 建筑师 男 白领 经理
1	👩‍💼	woman office worker	architect business manager office white-collar woman worker	女白领	人物 商人 女 建筑师 白领 经理
1	🧑‍🔬	scientist	biologist chemist engineer mathematician physicist	科学家	化学家 工程学家 物理学家 生物学家
1	👨‍🔬	man scientist	biologist chemist engineer man mathematician physicist scientist	男科学家	化学家 工程学家 工程师 数学家 物理学家 生物学家 男 科学家
1	👩‍🔬	woman scientist	biologist chemist engineer mathematician physicist scientist woman	女科学家	化学家 女 工程学家 工程师 数学家 物理学家 生物学家 科学家
1	🧑‍💻	technologist	coder computer developer inventor software	程序员	发明 开发人员 码农 软件
1	👨‍💻	man technologist	coder computer developer inventor man software technologist	男程序员	发明家 工程师 开发人员 男 码农 程序员 软件
1	👩‍💻	woman technologist	coder computer developer inventor software technologist woman	女程序员	发明家 女 工程师 开发人员 码农 程序员 软件
1	🧑‍🎤	singer	actor entertainer rock rockstar star	歌手	摇滚歌手 明星 演员 艺人
1	👨‍🎤	man singer	actor entertainer man rock rockstar singer star	男歌手	摇滚歌手 明星 歌手 男 男演员 艺人
1	👩‍🎤	woman singer	actor entertainer rock rockstar singer star woman	女歌手	女 摇滚歌手 明星 歌手 演员 艺人
1	🧑‍🎨	artist	palette	艺术家	画家
1	👨‍🎨	man artist	artist man palette	男艺术家	男 画家 艺术
1	👩‍🎨	woman artist	artist palette woman	女艺术家	女 画家 艺术
1	🧑‍✈️	pilot	plane	飞行员	飞机
1	👨‍✈️	man pilot	man pilot plane	男飞行员	机长 男 飞机 飞行员
1	👩‍✈️	woman pilot	pilot plane woman	女飞行员	女 机长 飞机 飞行员
1	🧑‍🚀	astronaut	rocket space	宇航员	火箭
1	👨‍🚀	man astronaut	astronaut man rocket space	男宇航员	宇宙 宇航员 火箭 男 航天
1	👩‍🚀	woman astronaut	astronaut rocket space woman	女宇航员	女 宇宙 宇航员 火箭 航天
1	🧑‍🚒	firefighter	fire firetruck	消防员	消防车
1	👨‍🚒	man firefighter	fire firefighter firetruck man	男消防员	救火 消防 消防员 消防车 男
1	👩‍🚒	woman firefighter	fire firefighter firetruck woman	女消防员	女 救火 消防 消防员 消防车 火灾
1	👮	police officer	apprehend arrest citation cop law officer over police pulled undercover	警察	交警 传唤 公安 卧底 武警 法警 警官 警方 逮捕
1	👮‍♂️	man police officer	apprehend arrest citation cop law man officer over police pulled undercover	男警察	男 警官 警察
1	👮‍♀️	woman police officer	apprehend arrest citation cop law officer over police pulled undercover woman	女警察	交警 公安 卧底 女 武警 法警 警官 警察 警方 逮捕
1	🕵️	detective	sleuth spy	侦探	特工 男 间谍
1	🕵️‍♂️	man detective	detective man sleuth spy	男侦探	侦探 男 间谍
1	🕵️‍♀️	woman detective	detective sleuth spy woman	女侦探	侦探 女 特工 间谍
1	💂	guard	buckingham helmet london palace	卫兵	伦敦 卫士 守卫 白金汉宫
1	💂‍♂️	man guard	buckingham guard helmet london man palace	男卫兵	卫兵 卫士 守卫 男
1	💂‍♀️	woman guard	buckingham guard helmet london palace woman	女卫兵	卫兵 卫士 女 守卫
1	🥷	ninja	assassin fight fighter hidden person secret skills sly soldier stealth war	忍者	人物 侠客 刺客 士兵 战斗 打斗 狡猾 秘密 隐藏 隐身
1	👷	construction worker	build construction fix hardhat hat man person rebuild remodel repair work worker	建筑工人	包工头 头盔 安全帽 工人 工程师 建筑 建造 搬砖 改造
1	👷‍♂️	man construction worker	build construction fix hardhat hat man rebuild remodel repair work worker	男建筑工人	工人 建筑 男
1	👷‍♀️	woman construction worker	build construction fix hardhat hat man rebuild remodel repair woman work worker	女建筑工人	头盔 女 工人 建筑
1	🫅	person with crown	crown monarch noble person regal royal royalty	戴王冠的人	君主 君威 国王 王冠 王后 王室 皇室 贵族
1	🤴	prince	crown fairy fairytale fantasy king royal royalty tale	王子	皇家
1	👸	princess	crown fairy fairytale fantasy queen royal royalty tale	公主	皇冠 童话
1	👳	person wearing turban	person turban wearing	戴头巾的人	头巾
1	👳‍♂️	man wearing turban	man turban wearing	戴头巾的男人	头巾 男
1	👳‍♀️	woman wearing turban	turban wearing woman	戴头巾的女人	头巾 女 特本
1	👲	person with skullcap	cap chinese gua guapi hat mao person pi skullcap	戴瓜皮帽的人	人物 帽子 瓜皮帽
1	🧕	woman with headscarf	bandana head headscarf hijab kerchief mantilla tichel woman	带头饰的女人	头巾 希贾布 戴头巾的女人
1	🤵	person in tuxedo	formal person tuxedo wedding	穿燕尾服的人	人 新郎 正式 燕尾服 男人 穿燕尾服的男人
1	🤵‍♂️	man in tuxedo	formal groom man tuxedo wedding	穿礼服的男人	男人 礼服
1	🤵‍♀️	woman in tuxedo	formal tuxedo wedding woman	穿礼服的女人	女人 礼服
1	👰	person with veil	person veil wedding	戴头纱的人	人 头纱 婚礼 戴头纱的新娘 新娘 结婚
1	👰‍♂️	man with veil	man veil wedding	戴头纱的男人	头纱 男人
1	👰‍♀️	woman with veil	bride veil wedding woman	戴头纱的女人	头纱 女人
1	🤰	pregnant woman	pregnant woman	孕妇	女人 怀孕 怀孕的女人
1	🫃	pregnant man	belly bloated full man overeat pregnant	怀孕的男人	充满 吃撑 怀孕 男子 腹部 臃肿
1	🫄	pregnant person	belly bloated full overeat person pregnant stuffed	怀孕的人	充满 吃撑 怀孕 腹部 臃肿
1	🤱	breast-feeding	baby breast feeding mom mother nursing woman	母乳喂养	乳房 哺乳 喂奶 婴儿
1	👩‍🍼	woman feeding baby	baby feed feeding mom mother nanny newborn nursing woman	哺乳的女人	人物 保姆 哺乳 喂养 女人 妈咪 妈妈 婴儿 宝宝 母亲 爱
1	👨‍🍼	man feeding baby	baby dad father feed feeding man nanny newborn nursing	哺乳的男人	人物 保姆 哺乳 哺育 喂养 婴儿 宝宝 新生儿 爱 父亲 父子情 父爱 男人
1	🧑‍🍼	person feeding baby	baby feed feeding nanny newborn nursing parent	哺乳的人	人 人物 保姆 哺乳 哺育 喂养 婴儿 宝宝 新生儿
1	👼	baby angel	angel baby church face fairy fairytale fantasy tale	小天使	儿童 天使 孩子
1	🎅	Santa Claus	celebration christmas claus fairy fantasy father holiday merry santa tale xmas	圣诞老人	圣诞 圣诞节 节日
1	🤶	Mrs. Claus	celebration christmas claus fairy fantasy holiday merry mother mrs santa tale xmas	圣诞奶奶	圣诞 圣诞节 节日
1	🧑‍🎄	Mx Claus	celebration christmas claus fairy fantasy holiday merry mx santa tale xmas	圣诞人	人 人物 圣诞 圣诞帽 圣诞快乐 圣诞老人 圣诞老公公 节日
1	🦸	superhero	good hero superpower	超级英雄	女英雄 女超人 好人 英雄 蝙蝠侠 超人 超能力
1	🦸‍♂️	man superhero	good hero man superhero superpower	男超级英雄	好人 男人 英雄 超能力
1	🦸‍♀️	woman superhero	good hero heroine superhero superpower woman	女超级英雄	女人 好人 英雄 超能力
1	🦹	supervillain	bad criminal evil superpower villain	超级大坏蛋	人 坏蛋 大反派 恶魔 罪犯 超级恶棍 超能力 邪恶
1	🦹‍♂️	man supervillain	bad criminal evil man superpower supervillain villain	男超级大坏蛋	坏蛋 男人 罪犯 超能力
1	🦹‍♀️	woman supervillain	bad criminal evil superpower supervillain villain woman	女超级大坏蛋	坏蛋 女人 罪犯 超能力
1	🧙	mage	fantasy magic play sorcerer sorceress sorcery spell summon witch wizard	法师	召唤 女巫 女魔术师 巫师 智者 法术 男巫 男魔术师 魔咒 魔术师
1	🧙‍♂️	man mage	fantasy mage magic man play sorcerer sorceress sorcery spell summon witch wizard	男法师	男巫 男魔术师
1	🧙‍♀️	woman mage	fantasy mage magic play sorcerer sorceress sorcery spell summon witch wizard woman	女法师	女巫 女魔术师
1	🧚	fairy	fairytale fantasy myth person pixie tale wings	精灵	仙女 仙子 童话 翅膀
1	🧚‍♂️	man fairy	fairy fairytale fantasy man myth oberon person pixie puck tale wings	仙人	仙男 天卫十五 天卫四 男精灵
1	🧚‍♀️	woman fairy	fairy fairytale fantasy myth person pixie tale titania wings woman	仙女	女精灵 妖精王后
1	🧛	vampire	blood dracula fangs halloween scary supernatural teeth undead	吸血鬼	万圣节 不死族 利牙 恐怖 毒牙 装扮服装 超自然
1	🧛‍♂️	man vampire	blood fangs halloween man scary supernatural teeth undead vampire	男吸血鬼	男不死族
1	🧛‍♀️	woman vampire	blood fangs halloween scary supernatural teeth undead vampire woman	女吸血鬼	女不死族
1	🧜	merperson	creature fairytale folklore ocean sea siren trident	人鱼	三叉戟 女人鱼 民间传说 海妖 海底 海洋生物 男人鱼 童话 美人鱼
1	🧜‍♂️	merman	creature fairytale folklore neptune ocean poseidon sea siren trident triton	男人鱼	特里同
1	🧜‍♀️	mermaid	creature fairytale folklore merwoman ocean sea siren trident	美人鱼	女人鱼
1	🧝	elf	elves enchantment fantasy folklore magic magical myth	小精灵	神秘 精灵 魔幻 魔法
1	🧝‍♂️	man elf	elf elves enchantment fantasy folklore magic magical man myth	男小精灵	男性魔术
1	🧝‍♀️	woman elf	elf elves enchantment fantasy folklore magic magical myth woman	女小精灵	女性魔术
1	🧞	genie	djinn fantasy jinn lamp myth rub wishes	妖怪	奇幻 愿望 擦拭神灯 杰尼 灯神 神灵 神秘 神话 精灵 镇尼
1	🧞‍♂️	man genie	djinn fantasy genie jinn lamp man myth rub wishes	男妖怪	男神灵
1	🧞‍♀️	woman genie	djinn fantasy genie jinn lamp myth rub wishes woman	女妖怪	女神灵
1	🧟	zombie	apocalypse dead halloween horror scary undead walking	僵尸	万圣节 不死族 半死不活 吓人 行尸走肉
1	🧟‍♂️	man zombie	apocalypse dead halloween horror man scary undead walking zombie	男僵尸	男行尸走肉
1	🧟‍♀️	woman zombie	apocalypse dead halloween horror scary undead walking woman zombie	女僵尸	女行尸走肉
1	🧌	troll	fairy fantasy monster tale trolling	穴居巨怪	幻想 怪兽 怪物 神话故事
1	💆	person getting massage	face getting headache massage person relax relaxing salon soothe spa tension therapy treatment	按摩	享受按摩的人 头痛 放松 水疗 治疗 紧张 缓解 美容 美容沙龙 面部
1	💆‍♂️	man getting massage	face getting headache man massage relax relaxing salon soothe spa tension therapy treatment	男生按摩	头痛 按摩 男 脸
1	💆‍♀️	woman getting massage	face getting headache massage relax relaxing salon soothe spa tension therapy treatment woman	女生按摩	女 按摩
1	💇	person getting haircut	barber beauty chop cosmetology cut groom hair haircut parlor person shears style	理发	剪头 发型 理发师 理发的人 美发 美容 美容沙龙 美容院 造型师
1	💇‍♂️	man getting haircut	barber beauty chop cosmetology cut groom hair haircut man parlor person shears style	男生理发	剪头 理发 男
1	💇‍♀️	woman getting haircut	barber beauty chop cosmetology cut groom hair haircut parlor person shears style woman	女生理发	剪头 女 理发
1	🚶	person walking	amble gait hike man pace pedestrian person stride stroll walk walking	行人	压马路 徒步 散步 昂首阔步 竞走 行走的人 走路 远足 闲逛
1	🚶‍♂️	man walking	amble gait hike man pace pedestrian stride stroll walk walking	男行人	徒步 男 走路
1	🚶‍♀️	woman walking	amble gait hike man pace pedestrian stride stroll walk walking woman	女行人	女 徒步 漫步 缓行 走 走路 路人
1	🧍	person standing	person stand standing	站立者	人物 站着 站着的人 站立
1	🧍‍♂️	man standing	man stand standing	站立的男人	男 站着 站立
1	🧍‍♀️	woman standing	stand standing woman	站立的女人	女 站着 站立
1	🧎	person kneeling	kneel kneeling knees person	下跪者	下跪 跪下 跪坐
1	🧎‍♂️	man kneeling	kneel kneeling knees man	跪下的男人	下跪 男 跪坐
1	🧎‍♀️	woman kneeling	kneel kneeling knees woman	跪下的女人	下跪 女 跪坐
1	🧑‍🦯	person with white cane	accessibility blind cane person probing white	拄盲杖的人	无障碍 盲
1	👨‍🦯	man with white cane	accessibility blind cane man probing white	拄盲杖的男人	拐杖 无障碍 男 男人 男子 盲 盲人
1	👩‍🦯	woman with white cane	accessibility blind cane probing white woman	拄盲杖的女人	女 女人 女性 拐杖 无障碍 盲 盲人
1	🧑‍🦼	person in motorized wheelchair	accessibility motorized person wheelchair	坐电动轮椅的人	无障碍 轮椅
1	👨‍🦼	man in motorized wheelchair	accessibility man motorized wheelchair	坐电动轮椅的男人	无障碍 电动 男 男人 男子 轮椅
1	👩‍🦼	woman in motorized wheelchair	accessibility motorized wheelchair woman	坐电动轮椅的女人	女 女人 女子 无障碍 电动 轮椅
1	🧑‍🦽	person in manual wheelchair	accessibility manual person wheelchair	坐手动轮椅的人	无障碍 轮椅
1	👨‍🦽	man in manual wheelchair	accessibility man manual wheelchair	坐手动轮椅的男人	手动 无障碍 男 男人 男子 轮椅
1	👩‍🦽	woman in manual wheelchair	accessibility manual wheelchair woman	坐手动轮椅的女人	女 女人 女子 手动 无障碍 轮椅
1	🏃	person running	fast hurry marathon move person quick race racing run rush speed	跑步者	匆忙 向前冲 奔跑 快跑 赛跑 跑步 跑路 闪人 马拉松
1	🏃‍♂️	man running	fast hurry man marathon move quick race racing run rush speed	男生跑步	男 跑 马拉松
1	🏃‍♀️	woman running	fast hurry marathon move quick race racing run rush speed woman	女生跑步	冲刺 女 比赛 跑 跑步 马拉松
1	💃	woman dancing	dance dancer dancing elegant festive flair flamenco groove let’s salsa tango woman	跳舞的女人	优雅 佛拉门戈 女人 女舞者 探戈 舞者 萨尔萨舞 跳舞
1	🕺	man dancing	dance dancer dancing elegant festive flair flamenco groove let’s man salsa tango	跳舞的男人	佛拉门戈 男人 男舞者 舞者 跳舞
1	🕴️	person in suit levitating	business levitating person suit	西装革履的人	商务 正装 男 西装革履
1	👯	people with bunny ears	bestie bff bunny counterpart dancer double ear identical pair party partying people soulmate twin twinsies	戴兔耳朵的人	兔子服 兔耳朵 双人舞 双胞胎 同好 永远的好朋友 派对 灵魂伴侣 聚会 舞者 跳舞 闺蜜
1	👯‍♂️	men with bunny ears	bestie bff bunny counterpart dancer double ear identical men pair party partying people soulmate twin twinsies	兔先生	兔耳朵 同好 永远的好朋友 派对 男生派对 聚会 跳舞
1	👯‍♀️	women with bunny ears	bestie bff bunny counterpart dancer double ear identical pair party partying people soulmate twin twinsies women	兔女郎	兔耳朵 女生派对 派对 聚会 跳舞
1	🧖	person in steamy room	day luxurious pamper person relax room sauna spa steam steambath unwind	蒸房里的人	在桑拿间的人 放松 桑拿 桑拿浴 蒸房 蒸气漫溢 蒸汽浴
1	🧖‍♂️	man in steamy room	day luxurious man pamper relax room sauna spa steam steambath unwind	蒸房里的男人	桑拿 男性桑拿
1	🧖‍♀️	woman in steamy room	day luxurious pamper relax room sauna spa steam steambath unwind woman	蒸房里的女人	女性桑拿 桑拿
1	🧗	person climbing	climb climber climbing mountain person rock scale up	攀爬的人	向上爬的人 攀岩 攀岩者 爬山 登山 登山者
1	🧗‍♂️	man climbing	climb climber climbing man mountain rock scale up	攀爬的男人	登山者
1	🧗‍♀️	woman climbing	climb climber climbing mountain rock scale up woman	攀爬的女人	登山者
1	🤺	person fencing	fencer fencing person sword	击剑选手	人 体育 击剑 剑
1	🏇	horse racing	horse jockey racehorse racing riding sport	赛马	三冠 赛马骑师 马 骑师 骑马
1	⛷️	skier	ski snow	滑雪的人	滑雪 雪
1	🏂️	snowboarder	ski snow snowboard sport	滑雪板	单板 单板滑雪 滑雪 雪
1	🏌️	person golfing	ball birdie caddy driving golf golfing green person pga putt range tee	打高尔夫的人	pga 小鸟球 推杆进球 球 球座 球穴区 球童 职业高尔夫协会 运动 高尔夫
1	🏌️‍♂️	man golfing	ball birdie caddy driving golf golfing green man pga putt range tee	男生打高尔夫	男 高尔夫
1	🏌️‍♀️	woman golfing	ball birdie caddy driving golf golfing green pga putt range tee woman	女生打高尔夫	女 高尔夫 高尔夫练球场
1	🏄️	person surfing	beach ocean person sport surf surfer surfing swell waves	冲浪	冲浪的人 冲浪者 波浪 海上运动 海洋 海滩 涌浪 网上冲浪 运动
1	🏄‍♂️	man surfing	beach man ocean sport surf surfer surfing swell waves	男生冲浪	冲浪 男
1	🏄‍♀️	woman surfing	beach ocean person sport surf surfer surfing swell waves	女生冲浪	冲浪 女 海滩
1	🚣	person rowing boat	boat canoe cruise fishing lake oar paddle person raft river row rowboat rowing	划艇	划桨 划船运动 木筏 河 泛舟湖上 湖 独木舟 船 钓鱼
1	🚣‍♂️	man rowing boat	boat canoe cruise fishing lake man oar paddle raft river row rowboat rowing	男生划船	划船 划艇 男 船
1	🚣‍♀️	woman rowing boat	boat canoe cruise fishing lake oar paddle raft river row rowboat rowing woman	女生划船	划船 划艇 女 船
1	🏊️	person swimming	freestyle person sport swim swimmer swimming triathlon	游泳	游泳的人 游泳者 自由泳 运动 铁人三项
1	🏊‍♂️	man swimming	freestyle man sport swim swimmer swimming triathlon	男生游泳	游泳 男
1	🏊‍♀️	woman swimming	freestyle man sport swim swimmer swimming triathlon	女生游泳	女 游泳
1	⛹️	person bouncing ball	athletic ball basketball bouncing championship dribble net person player throw	玩球	体育 全网无阻 打球 游戏 玩 球 篮球 篮球运动员 罚球 运动 运球 锦标赛
1	⛹️‍♂️	man bouncing ball	athletic ball basketball bouncing championship dribble man net player throw	男生玩球	球 男
1	⛹️‍♀️	woman bouncing ball	athletic ball basketball bouncing championship dribble net player throw woman	女生玩球	女 女生打篮球 游戏 玩 球 篮球
1	🏋️	person lifting weights	barbell bodybuilder deadlift lifter lifting person powerlifting weight weightlifter weights workout	举重	举重的人 举重运动员 举铁 健美者 力量举重 杠铃 硬拉 训练 运动
1	🏋️‍♂️	man lifting weights	barbell bodybuilder deadlift lifter lifting man powerlifting weight weightlifter weights workout	男生举重	举重 男
1	🏋️‍♀️	woman lifting weights	barbell bodybuilder deadlift lifter lifting powerlifting weight weightlifter weights woman workout	女生举重	举重 女 训练
1	🚴	person biking	bicycle bicyclist bike biking cycle cyclist person riding sport	骑自行车	单车 脚踏车 自行车 自行车赛 自行车骑士 运动 骑单车 骑脚踏车者 骑自行车的人 骑自行车者
1	🚴‍♂️	man biking	bicycle bicyclist bike biking cycle cyclist man riding sport	男生骑自行车	单车 男 自行车 骑车
1	🚴‍♀️	woman biking	bicycle bicyclist bike biking cycle cyclist riding sport woman	女生骑自行车	单车 女 女生骑车 自行车 骑车
1	🚵	person mountain biking	bicycle bicyclist bike biking cycle cyclist mountain person riding sport	骑山地车	体育竞技 单车 山 山地自行车 山地车 山地骑行的人 自行车 运动 骑山地车的人 骑自行车 骑自行车者
1	🚵‍♂️	man mountain biking	bicycle bicyclist bike biking cycle cyclist man mountain riding sport	男生骑山地车	单车 山地车 男 自行车 骑山地车的人
1	🚵‍♀️	woman mountain biking	bicycle bicyclist bike biking cycle cyclist mountain riding sport woman	女生骑山地车	单车 女 山地车 自行车 骑车
1	🤸	person cartwheeling	active cartwheel cartwheeling excited flip gymnastics happy person somersault	侧手翻	人 体操 体育 兴奋 快乐 杂技 活泼 翻筋斗
1	🤸‍♂️	man cartwheeling	active cartwheel cartwheeling excited flip gymnastics happy man somersault	男生侧手翻	体操 侧手翻 兴奋 快乐 杂技 活泼 男 男子侧手翻 翻筋斗
1	🤸‍♀️	woman cartwheeling	active cartwheel cartwheeling excited flip gymnastics happy somersault woman	女生侧手翻	体操 侧手翻 兴奋 女 女子侧手翻 快乐 杂技 活泼 翻筋斗
1	🤼	people wrestling	combat duel grapple people ring tournament wrestle wrestling	摔跤选手	人 体育 对决 打架 搏斗 摔跤 摔跤比赛 擂台争霸 运动
1	🤼‍♂️	men wrestling	combat duel grapple men ring tournament wrestle wrestling	男生摔跤	对决 打架 搏斗 摔跤 摔跤比赛 擂台争霸 男 男子摔跤 运动
1	🤼‍♀️	women wrestling	combat duel grapple ring tournament women wrestle wrestling	女生摔跤	女 女子摔跤 对决 打架 搏斗 摔跤 摔跤比赛 擂台争霸 运动
1	🤽	person playing water polo	person playing polo sport swimming water waterpolo	水球	人 体育 水上足球 水上运动 游泳 马可波罗游戏
1	🤽‍♂️	man playing water polo	man playing polo sport swimming water waterpolo	男生玩水球	水上足球 水上运动 水球 游泳 男 男子玩水球 马可波罗游戏
1	🤽‍♀️	woman playing water polo	playing polo sport swimming water waterpolo woman	女生玩水球	女 女子玩水球 水上足球 水上运动 水球 游泳 马可波罗游戏
1	🤾	person playing handball	athletics ball catch chuck handball hurl lob person pitch playing sport throw toss	手球	人 体育 投 投球 抛 接球 犯规投球 球 运动 高球
1	🤾‍♂️	man playing handball	athletics ball catch chuck handball hurl lob man pitch playing sport throw toss	男生玩手球	墙手球 手球 男
1	🤾‍♀️	woman playing handball	athletics ball catch chuck handball hurl lob pitch playing sport throw toss woman	女生玩手球	女 女子玩手球 手球 扔 投球 抛 接球 犯规投球 球 运动 高球
1	🤹	person juggling	act balance balancing handle juggle juggling manage multitask person skill	抛接杂耍	一心多用 人 平衡 平衡艺术 抛接 抛接球 操纵 杂技 杂耍 表演
1	🤹‍♂️	man juggling	act balance balancing handle juggle juggling man manage multitask skill	男生抛接杂耍	一心多用 平衡艺术 抛接球 操纵 杂技 杂耍 男 男子 颠球
1	🤹‍♀️	woman juggling	act balance balancing handle juggle juggling manage multitask skill woman	女生抛接杂耍	女 杂技 杂耍 颠球
1	🧘	person in lotus position	cross legged legs lotus meditation peace person position relax serenity yoga yogi zen	盘腿的人	冥想 放松 沉思 瑜伽 盘腿而坐 禅 莲花坐的人
1	🧘‍♂️	man in lotus position	cross legged legs lotus man meditation peace position relax serenity yoga yogi zen	盘腿的男人	和尚 瑜伽男
1	🧘‍♀️	woman in lotus position	cross legged legs lotus meditation peace position relax serenity woman yoga yogi zen	盘腿的女人	尼姑 比丘尼 瑜伽女
1	🛀	person taking bath	bath bathtub person taking tub	洗澡的人	洗澡 浴盆 浴缸 澡盆 盆浴
1	🛌	person in bed	bed bedtime good goodnight hotel nap night person sleep tired zzz	躺在床上的人	入睡 夜里 宾馆 晚安 酒店
1	🧑‍🤝‍🧑	people holding hands	bae bestie bff couple dating flirt friends hand hold people twins	手拉手的两个人	两个人手牵手 人 情侣 手 手牵手的人 拉手 握手 牵手
1	👭	women holding hands	bae bestie bff couple dating flirt friends girls hand hold sisters twins women	手拉手的两个女人	两个女人 好朋友 情侣 手拉手 朋友
1	👫	woman and man holding hands	bae bestie bff couple dating flirt friends hand hold man twins woman	手拉手的一男一女	一男一女 情侣 手拉手 相恋
1	👬	men holding hands	bae bestie bff boys brothers couple dating flirt friends hand hold men twins	手拉手的两个男人	两个男人 双子座 情侣 手拉手 朋友 黄道十二宫
1	💏	kiss	anniversary babe bae couple date dating heart love mwah person romance together xoxo	亲吻	宝贝 情侣 接吻 浪漫 约会
1	👩‍❤️‍💋‍👨	kiss: woman, man	anniversary babe bae couple date dating heart kiss love man mwah person romance together woman xoxo	亲吻: 女人男人	亲吻 女人 宝贝 情侣 接吻 浪漫 男人 约会
1	👨‍❤️‍💋‍👨	kiss: man, man	anniversary babe bae couple date dating heart kiss love man mwah person romance together xoxo	亲吻: 男人男人	亲吻 宝贝 情侣 接吻 浪漫 男人 约会
1	👩‍❤️‍💋‍👩	kiss: woman, woman	anniversary babe bae couple date dating heart kiss love mwah person romance together woman xoxo	亲吻: 女人女人	亲吻 女人 宝贝 情侣 接吻 浪漫 约会
1	💑	couple with heart	anniversary babe bae couple dating heart kiss love person relationship romance together you	情侣	恋爱 浪漫 红心 约会
1	👩‍❤️‍👨	couple with heart: woman, man	anniversary babe bae couple dating heart kiss love man person relationship romance together woman you	情侣: 女人男人	女人 恋爱 情侣 浪漫 男人 红心 约会
1	👨‍❤️‍👨	couple with heart: man, man	anniversary babe bae couple dating heart kiss love man person relationship romance together you	情侣: 男人男人	恋爱 情侣 浪漫 男人 红心 约会
1	👩‍❤️‍👩	couple with heart: woman, woman	anniversary babe bae couple dating heart kiss love person relationship romance together woman you	情侣: 女人女人	女人 恋爱 情侣 浪漫 红心 约会
1	👨‍👩‍👦	family: man, woman, boy	boy child family man woman	家庭: 男人女人男孩	亲子 女人 家庭 父母和儿子 男人 男孩
1	👨‍👩‍👧	family: man, woman, girl	child family girl man woman	家庭: 男人女人女孩	亲子 女人 女孩 家庭 父母和儿子 男人
1	👨‍👩‍👧‍👦	family: man, woman, girl, boy	boy child family girl man woman	家庭: 男人女人女孩男孩	亲子 女人 女孩 家庭 父母和儿子 男人 男孩
1	👨‍👩‍👦‍👦	family: man, woman, boy, boy	boy child family man woman	家庭: 男人女人男孩男孩	亲子 女人 家庭 父母和儿子 男人 男孩
1	👨‍👩‍👧‍👧	family: man, woman, girl, girl	child family girl man woman	家庭: 男人女人女孩女孩	亲子 女人 女孩 家庭 父母和儿子 男人
1	👨‍👨‍👦	family: man, man, boy	boy child family man	家庭: 男人男人男孩	亲子 家庭 父母和儿子 男人 男孩
1	👨‍👨‍👧	family: man, man, girl	child family girl man	家庭: 男人男人女孩	亲子 女孩 家庭 父母和儿子 男人
1	👨‍👨‍👧‍👦	family: man, man, girl, boy	boy child family girl man	家庭: 男人男人女孩男孩	亲子 女孩 家庭 父母和儿子 男人 男孩
1	👨‍👨‍👦‍👦	family: man, man, boy, boy	boy child family man	家庭: 男人男人男孩男孩	亲子 家庭 父母和儿子 男人 男孩
1	👨‍👨‍👧‍👧	family: man, man, girl, girl	child family girl man	家庭: 男人男人女孩女孩	亲子 女孩 家庭 父母和儿子 男人
1	👩‍👩‍👦	family: woman, woman, boy	boy child family woman	家庭: 女人女人男孩	亲子 女人 家庭 父母和儿子 男孩
1	👩‍👩‍👧	family: woman, woman, girl	child family girl woman	家庭: 女人女人女孩	亲子 女人 女孩 家庭 父母和儿子
1	👩‍👩‍👧‍👦	family: woman, woman, girl, boy	boy child family girl woman	家庭: 女人女人女孩男孩	亲子 女人 女孩 家庭 父母和儿子 男孩
1	👩‍👩‍👦‍👦	family: woman, woman, boy, boy	boy child family woman	家庭: 女人女人男孩男孩	亲子 女人 家庭 父母和儿子 男孩
1	👩‍👩‍👧‍👧	family: woman, woman, girl, girl	child family girl woman	家庭: 女人女人女孩女孩	亲子 女人 女孩 家庭 父母和儿子
1	👨‍👦	family: man, boy	boy child family man	家庭: 男人男孩	亲子 家庭 父母和儿子 男人 男孩
1	👨‍👦‍👦	family: man, boy, boy	boy child family man	家庭: 男人男孩男孩	亲子 家庭 父母和儿子 男人 男孩
1	👨‍👧	family: man, girl	child family girl man	家庭: 男人女孩	亲子 女孩 家庭 父母和儿子 男人
1	👨‍👧‍👦	family: man, girl, boy	boy child family girl man	家庭: 男人女孩男孩	亲子 女孩 家庭 父母和儿子 男人 男孩
1	👨‍👧‍👧	family: man, girl, girl	child family girl man	家庭: 男人女孩女孩	亲子 女孩 家庭 父母和儿子 男人
1	👩‍👦	family: woman, boy	boy child family woman	家庭: 女人男孩	亲子 女人 家庭 父母和儿子 男孩
1	👩‍👦‍👦	family: woman, boy, boy	boy child family woman	家庭: 女人男孩男孩	亲子 女人 家庭 父母和儿子 男孩
1	👩‍👧	family: woman, girl	child family girl woman	家庭: 女人女孩	亲子 女人 女孩 家庭 父母和儿子
1	👩‍👧‍👦	family: woman, girl, boy	boy child family girl woman	家庭: 女人女孩男孩	亲子 女人 女孩 家庭 父母和儿子 男孩
1	👩‍👧‍👧	family: woman, girl, girl	child family girl woman	家庭: 女人女孩女孩	亲子 女人 女孩 家庭 父母和儿子
1	🗣️	speaking head	face head silhouette speak speaking	说话	剪影 头 脸 讲话 说话头
1	👤	bust in silhouette	bust mysterious shadow silhouette	人像	剪影 半身 半身像
1	👥	busts in silhouette	bff bust busts everyone friend friends people silhouette	双人像	剪影 半身 半身像 朋友
1	🫂	people hugging	comfort embrace farewell friendship goodbye hello hug hugging love people thanks	人的拥抱	再见 友谊 告别 安慰 您好 感谢 抱抱 拥抱 爱
1	👪️	family	child	家庭	亲子 父母和儿子
1	👣	footprints	barefoot clothing footprint omw print walk	脚印	在路上 赤脚 足迹
3	🐵	monkey face	animal banana face monkey	猴头	动物 猴 猴子
3	🐒	monkey	animal banana	猴子	猴
3	🦍	gorilla	animal	大猩猩	动物
3	🦧	orangutan	animal ape monkey	红毛猩猩	动物 猩猩 猴 猴子 猿
3	🐶	dog face	adorbs animal dog face pet puppies puppy	狗脸	宠物 小狗 汪星人 狗 脸
3	🐕️	dog	animal animals dogs pet	狗	动物 宠物 小狗 汪星人
3	🦮	guide dog	accessibility animal blind dog guide	导盲犬	指引 无障碍 盲 盲人
3	🐕‍🦺	service dog	accessibility animal assistance dog service	服务犬	工作犬 无障碍 服务 犬 狗 辅助
3	🐩	poodle	animal dog fluffy	贵宾犬	卷毛狗 毛茸茸 狗
3	🐺	wolf	animal face	狼	头 狼头 脸
3	🦊	fox	animal face	狐狸	动物 头 狐狸的脸 脸
3	🦝	raccoon	animal curious sly	浣熊	动物 好奇 淘气 狡猾
3	🐱	cat face	animal cat face kitten kitty pet	猫脸	宠物 猫 猫咪 脸
3	🐈️	cat	animal animals cats kitten pet	猫	宠物 小猫
3	🐈‍⬛	black cat	animal black cat feline halloween meow unlucky	黑猫	万圣节 不吉利 动物 喵 喵星人 猫 猫科 黑色
3	🦁	lion	alpha animal face leo mane order rawr roar safari strong zodiac	狮子	狮子头 狮子座 脸 黄道十二宫
3	🐯	tiger face	animal big cat face predator tiger	老虎头	森林之王 老虎 脸
3	🐅	tiger	animal big cat predator zoo	老虎	动物园 虎
3	🐆	leopard	animal big cat predator zoo	豹子	动物 猎豹 豹
3	🐴	horse face	animal dressage equine face farm horse horses	马头	盛装舞步 马
3	🫎	moose	alces animal antlers elk mammal	驼鹿	动物 哺乳动物 鹿角 麋鹿
3	🫏	donkey	animal ass burro hinny mammal mule stubborn	驴	倔强 动物 哺乳动物 固执的 犟 驴子 骡 骡子
3	🐎	horse	animal equestrian farm racehorse racing	马	动物 比赛 赛马 骑马
3	🦄	unicorn	face	独角兽	头 独角兽头 脸
3	🦓	zebra	animal stripe	斑马	条纹
3	🦌	deer	animal	鹿	动物
3	🦬	bison	animal buffalo herd wisent	大野牛	动物 欧洲野牛 水牛 牛 牦牛 畜群 野牛
3	🐮	cow face	animal cow face farm milk moo	奶牛头	乳牛 奶牛 母牛 牛头 脸
3	🐂	ox	animal animals bull farm taurus zodiac	公牛	牛 金牛座 黄道十二宫
3	🐃	water buffalo	animal buffalo water zoo	水牛	水牛
3	🐄	cow	animal animals farm milk moo	奶牛	乳牛 牛
3	🐷	pig face	animal bacon face farm pig pork	猪头	八戒 猪 脸
3	🐖	pig	animal bacon farm pork sow	猪	培根 猪肉
3	🐗	boar	animal pig	野猪	动物 猪
3	🐽	pig nose	animal face farm nose pig smell snout	猪鼻子	猪 脸 闻 鼻 鼻子
3	🐏	ram	animal aries horns male sheep zodiac zoo	公羊	白羊座 羊 雄性 黄道十二宫
3	🐑	ewe	animal baa farm female fluffy lamb sheep wool	母羊	咩 毛茸茸 绵羊 羊 羊毛 雌性
3	🐐	goat	animal capricorn farm milk zodiac	山羊	摩羯座 黄道十二宫
3	🐪	camel	animal desert dromedary hump one	骆驼	单峰 单峰驼 沙漠 驼峰
3	🐫	two-hump camel	animal bactrian camel desert hump two two-hump	双峰骆驼	双峰 沙漠 骆驼
3	🦙	llama	alpaca animal guanaco vicuña wool	美洲鸵	动物 原驼 小羊驼 无峰驼 羊毛 羊驼 骆马
3	🦒	giraffe	animal spots	长颈鹿	斑点
3	🐘	elephant	animal	大象	动物 象
3	🦣	mammoth	animal extinction large tusk wooly	猛犸	动物 大型 有绒毛的 灭绝 猛犸象 长毛象 长牙
3	🦏	rhinoceros	animal	犀牛	动物
3	🦛	hippopotamus	animal hippo	河马	动物
3	🐭	mouse face	animal face mouse	老鼠头	鼠
3	🐁	mouse	animal animals	老鼠	耗子 鼠
3	🐀	rat	animal	耗子	鼠
3	🐹	hamster	animal face pet	仓鼠	仓鼠头 啮齿 头 宠物 脸
3	🐰	rabbit face	animal bunny face pet rabbit	兔子头	兔 兔宝宝 宠物
3	🐇	rabbit	animal bunny pet	兔子	兔 动物
3	🐿️	chipmunk	animal squirrel	松鼠	花栗鼠 金花鼠
3	🦫	beaver	animal dam teeth	海狸	动物 大板牙 母畜
3	🦔	hedgehog	animal spiny	刺猬	多刺
3	🦇	bat	animal vampire	蝙蝠	吸血鬼
3	🐻	bear	animal face grizzly growl honey	熊	低吼 头 灰熊 熊头 熊脸 脸
3	🐻‍❄️	polar bear	animal arctic bear polar white	北极熊	北极 熊 白色
3	🐨	koala	animal australia bear down face marsupial under	考拉	动物 有袋类动物 树袋熊 澳大利亚
3	🐼	panda	animal bamboo face	熊猫	头 熊猫脸 猫熊 猫熊脸 胖达 脸
3	🦥	sloth	lazy slow	树懒	慢 懒 爬树 迟缓
3	🦦	otter	animal fishing playful	水獭	动物 好玩 捕鱼 爱开玩笑 獭 鼬
3	🦨	skunk	animal stink	臭鼬	熏 臭 鼬
3	🦘	kangaroo	animal joey jump marsupial	袋鼠	动物 小袋鼠 有袋目动物 有袋类动物 澳洲 跳 跳跃
3	🦡	badger	animal honey pester	獾	动物 打扰 纠缠 蜜獾
3	🐾	paw prints	feet paw paws print prints	爪印	爪 爪子 足迹
3	🦃	turkey	bird gobble thanksgiving	火鸡	感恩节
3	🐔	chicken	animal bird ornithology	鸡	动物
3	🐓	rooster	animal bird ornithology	公鸡	动物 鸡
3	🐣	hatching chick	animal baby bird chick egg hatching	小鸡破壳	小鸡 破壳
3	🐤	baby chick	animal baby bird chick ornithology	小鸡	鸡
3	🐥	front-facing baby chick	animal baby bird chick front-facing newborn ornithology	正面朝向的小鸡	小鸡
3	🐦️	bird	animal ornithology	鸟	动物 鸟类学
3	🐧	penguin	animal antarctica bird ornithology	企鹅	南极 南极洲
3	🕊️	dove	bird fly ornithology peace	鸽	和平 和平象征 飞翔 鸟 鸽子
3	🦅	eagle	animal bird ornithology	鹰	老鹰 鸟
3	🦆	duck	animal bird ornithology	鸭子	鸟 鸭
3	🦢	swan	animal bird cygnet duckling ornithology ugly	天鹅	丑小鸭 动物 小天鹅 鸟
3	🦉	owl	animal bird ornithology wise	猫头鹰	睿智 鸟
3	🦤	dodo	animal bird extinction large ornithology	渡渡鸟	动物 灭绝 鸟
3	🪶	feather	bird flight light plumage	羽毛	轻 飞 鸟
3	🦩	flamingo	animal bird flamboyant ornithology tropical	火烈鸟	华丽 热带 红鹳 艳丽
3	🦚	peacock	animal bird colorful ornithology ostentatious peahen pretty proud	孔雀	卖弄 招摇 色彩缤纷 雌孔雀 骄傲 鸟
3	🦜	parrot	animal bird ornithology pirate talk	鹦鹉	剽窃 模仿 说话 鸟
3	🪽	wing	angelic ascend aviation bird fly flying heavenly mythology soar	翅膀	升天 天使 天使的 天堂的 神话 翱翔 飞翔 飞行 鸟
3	🐦‍⬛	black bird	animal beak bird black caw corvid crow ornithology raven rook	黑色的鸟	乌鸦 动物 喙 渡鸦 秃鼻乌鸦 老鸦 鸟 鸦叫声 鸦科 黑色
3	🪿	goose	animal bird duck flock fowl gaggle gander geese honk ornithology silly	鹅	傻 傻瓜 动物 嘎嘎叫声 家禽 雄鹅 鸟 鸣叫 鸭子 鸭群 鹅群
3	🐸	frog	animal face	青蛙	动物 头 脸 青蛙头
3	🐊	crocodile	animal zoo	鳄鱼	鳄鱼
3	🐢	turtle	animal terrapin tortoise	龟	乌龟 海龟 陆龟
3	🦎	lizard	animal reptile	蜥蜴	爬行动物
3	🐍	snake	animal bearer ophiuchus serpent zodiac	蛇	持票人 狡猾的人 蛇夫座 黄道十二宫
3	🐲	dragon face	animal dragon face fairy fairytale tale	龙头	神话 童话 龙
3	🐉	dragon	animal fairy fairytale knights tale	龙	中国 权力的游戏
3	🦕	sauropod	brachiosaurus brontosaurus dinosaur diplodocus	蜥蜴类	万龙属 恐龙 梁龙 腕龙 雷龙
3	🦖	T-Rex	dinosaur rex t t-rex tyrannosaurus	霸王龙	恐龙 暴龙 暴龙君主
3	🐳	spouting whale	animal beach face ocean spouting whale	喷水的鲸	喷水 鲸
3	🐋	whale	animal beach ocean	鲸鱼	鲸鱼
3	🐬	dolphin	animal beach flipper ocean	海豚	鸭脚板
3	🦭	seal	animal lion ocean sea	海豹	动物 海洋 海狮
3	🐟️	fish	animal dinner fishes fishing pisces zodiac	鱼	双鱼座 星座 黄道十二宫
3	🐠	tropical fish	animal fish fishes tropical	热带鱼	热带 鱼
3	🐡	blowfish	animal fish	河豚	鱼
3	🦈	shark	animal fish	鲨鱼	鱼 鲨
3	🐙	octopus	animal creature ocean	章鱼	八爪 鱼
3	🐚	spiral shell	animal beach conch sea shell spiral	海螺	螺 螺旋
3	🪸	coral	change climate ocean reef sea	珊瑚	气候变化 海洋 珊瑚礁 礁
3	🪼	jellyfish	animal aquarium burn invertebrate jelly life marine ocean ouch plankton sea sting stinger tentacles	水母	刺毛 动物 发光 哎哟 无脊椎动物 有刺动物 果冻 水族馆 浮游生物 海洋 海洋生物 海蜇 触手
3	🦀	crab	cancer zodiac	蟹	巨蟹座 螃蟹 黄道十二宫
3	🦞	lobster	animal bisque claws seafood	龙虾	浓汤 海鲜 红龙虾 贝类浓汤 钳 鳌
3	🦐	shrimp	food shellfish small	虾	甲壳 贝类水产 食物
3	🦑	squid	animal food mollusk	乌贼	墨鱼 软体动物 食物 鱿鱼
3	🦪	oyster	diving pearl	牡蛎	海鲜 珍珠 生蚝
3	🐌	snail	animal escargot garden nature slug	蜗牛	法国蜗牛
3	🦋	butterfly	insect pretty	蝴蝶	昆虫 漂亮 美丽
3	🐛	bug	animal garden insect	毛毛虫	昆虫 毛虫
3	🐜	ant	animal garden insect	蚂蚁	蚂蚁
3	🐝	honeybee	animal bee bumblebee honey insect nature spring	蜜蜂	勤劳 昆虫 蜂蜜
3	🪲	beetle	animal bug insect	甲虫	动物 昆虫 虫子
3	🐞	lady beetle	animal beetle garden insect lady ladybird ladybug nature	瓢虫	昆虫 母
3	🦗	cricket	animal bug grasshopper insect orthoptera	蟋蟀	昆虫 蚱蜢 蛐蛐
3	🪳	cockroach	animal insect pest roach	蟑螂	动物 害虫 小强 昆虫 虫子
3	🕷️	spider	animal insect	蜘蛛	昆虫
3	🕸️	spider web	spider web	蜘蛛网	蛛网 蜘蛛
3	🦂	scorpion	scorpio scorpius zodiac	蝎子	天蝎宫 天蝎座 黄道十二宫
3	🦟	mosquito	bite disease fever insect malaria pest virus	蚊子	发烧 发热 昆虫 疟疾 疾病 病 病毒
3	🪰	fly	animal disease insect maggot pest rotting	苍蝇	动物 害虫 疾病 腐烂 虫子 蛆
3	🪱	worm	animal annelid earthworm parasite	蠕虫	动物 寄生虫 环节动物 蚯蚓
3	🦠	microbe	amoeba bacteria science virus	细菌	变形虫 病毒 科学 阿米巴
3	💐	bouquet	anniversary birthday date flower love plant romance	花束	周年纪念 生日 罗曼史 鲜花
3	🌸	cherry blossom	blossom cherry flower plant spring springtime	樱花	花
3	💮	white flower	flower white	白花	花
3	🪷	lotus	beauty buddhism calm flower hinduism peace purity serenity	莲花	佛教 印度教 幽静 恬静 纯洁 花 花朵
3	🏵️	rosette	plant	圆形花饰	光荣花 植物 花 花圈
3	🌹	rose	beauty elegant flower love plant red valentine	玫瑰	优雅 红玫瑰 花
3	🥀	wilted flower	dying flower wilted	枯萎的花	凋谢 枯萎 花
3	🌺	hibiscus	flower plant	芙蓉	木槿 植物 花
3	🌻	sunflower	flower outdoors plant sun	向日葵	太阳 太阳花 花
3	🌼	blossom	buttercup dandelion flower plant	开花	花 蒲公英
3	🌷	tulip	blossom flower growth plant	郁金香	开花 花
3	🪻	hyacinth	bloom bluebonnet flower indigo lavender lilac lupine plant purple shrub snapdragon spring violet	风信子	春天 植物 灌木 矢车菊 紫丁香 紫罗兰 紫色 羽扇豆 花 花朵 蓝帽花 薰衣草 金鱼草 靛蓝
3	🌱	seedling	plant sapling sprout young	幼苗	发芽 芽 苗
3	🪴	potted plant	decor grow house nurturing plant pot potted	盆栽植物	培育 房子 枯燥 植物 生长 盆景 盆栽 花盆
3	🌲	evergreen tree	christmas evergreen forest pine tree	松树	圣诞树 常青树 树
3	🌳	deciduous tree	deciduous forest green habitat shedding tree	落叶树	树 落叶 落叶植物
3	🌴	palm tree	beach palm plant tree tropical	棕榈树	树 棕榈 热带
3	🌵	cactus	desert drought nature plant	仙人掌	干旱 植物 沙漠
3	🌾	sheaf of rice	ear grain grains plant rice sheaf	稻子	稻 米 粮食 谷物
3	🌿	herb	leaf plant	药草	草药 香草
3	☘️	shamrock	irish plant	三叶草	爱尔兰 苜蓿 酢浆草
3	🍀	four leaf clover	4 clover four four-leaf irish leaf lucky plant	四叶草	幸运 爱尔兰的
3	🍁	maple leaf	falling leaf maple	枫叶	树叶 秋叶 落叶
3	🍂	fallen leaf	autumn fall fallen falling leaf	落叶	叶 秋
3	🍃	leaf fluttering in wind	blow flutter fluttering leaf wind	风吹叶落	叶子 树叶 随风飘舞
3	🪹	empty nest	branch empty home nest nesting	空巢	家 树枝 筑巢 鸟巢
3	🪺	nest with eggs	bird branch egg eggs nest nesting	有蛋的巢	树枝 筑巢 蛋 鸟 鸟巢 鸟蛋
3	🍄	mushroom	fungus toadstool	蘑菇	毒蕈 真菌
4	🍇	grapes	dionysus fruit grape	葡萄	水果
4	🍈	melon	cantaloupe fruit	甜瓜	哈密瓜 水果 蜜瓜 香瓜
4	🍉	watermelon	fruit	西瓜	水果
4	🍊	tangerine	c citrus fruit nectarine orange vitamin	橘子	柑桔 柑橘 桔子 水果 油桃 维他命 c
4	🍋	lemon	citrus fruit sour	柠檬	柑橘 水果 酸
4	🍌	banana	fruit potassium	香蕉	水果 钾
4	🍍	pineapple	colada fruit pina tropical	菠萝	水果 热带
4	🥭	mango	food fruit tropical	芒果	水果 热带 食物
4	🍎	red apple	apple diet food fruit health red ripe	红苹果	健康 水果 熟 红 苹果 食物
4	🍏	green apple	apple fruit green	青苹果	水果 苹果 青
4	🍐	pear	fruit	梨	水果
4	🍑	peach	fruit	桃	水果
4	🍒	cherries	berries cherry fruit red	樱桃	水果
4	🍓	strawberry	berry fruit	草莓	水果 浆果
4	🫐	blueberries	berries berry bilberry blue blueberry food fruit	蓝莓	水果 浆果 越桔 食物
4	🥝	kiwi fruit	food fruit kiwi	猕猴桃	奇异果 水果 食物
4	🍅	tomato	food fruit vegetable	西红柿	水果 番茄 蔬菜
4	🫒	olive	food	橄榄	食物
4	🥥	coconut	colada palm piña	椰子	棕榈 菠萝椰子兰姆酒
4	🥑	avocado	food fruit	鳄梨	水果 牛油果 酪梨 食物 黄油果
4	🍆	eggplant	aubergine vegetable	茄子	蔬菜
4	🥔	potato	food vegetable	土豆	蔬菜 食物 马铃薯
4	🥕	carrot	food vegetable	胡萝卜	蔬菜 食物
4	🌽	ear of corn	corn crops ear farm maize maze	玉米	农作物 包谷 苞米
4	🌶️	hot pepper	hot pepper	红辣椒	辣 辣椒
4	🫑	bell pepper	bell capsicum food pepper vegetable	灯笼椒	蔬菜 辣椒 青椒 食物
4	🥒	cucumber	food pickle vegetable	黄瓜	泡菜 腌菜 蔬菜 食物
4	🥬	leafy green	bok burgers cabbage choy green kale leafy lettuce salad	绿叶蔬菜	卷心菜 圆白菜 小白菜 甘蓝 生菜 羽衣甘蓝 色拉 莴苣
4	🥦	broccoli	cabbage wild	西兰花	甘蓝 野生卷心菜
4	🧄	garlic	flavoring	蒜	佐料 大蒜 蒜头 调味
4	🧅	onion	flavoring	洋葱	佐料 调味
4	🥜	peanuts	food nut peanut vegetable	花生	坚果 蔬菜 食物
4	🫘	beans	food kidney legume small	豆	肾 豆子 豆类 食物
4	🌰	chestnut	almond plant	栗子	杏仁
4	🫚	ginger root	beer ginger health herb natural root spice	姜	健康 啤酒 天然 根 根汁啤酒 根茎 草药 香料
4	🫛	pea pod	beans beanstalk edamame legume pea pod soybean vegetable veggie	豌豆荚	大豆 毛豆 素食者 荚 蔬菜 豆 豆类 豆茎 豆荚 豌豆 黄豆
4	🍞	bread	carbs food grain loaf restaurant toast wheat	面包	一条面包 全麦面包 小麦 淀粉 烤面包 谷类 食物 餐厅
4	🥐	croissant	bread breakfast crescent food french roll	羊角面包	新月形面包 法式 牛角面包 面包 食物
4	🥖	baguette bread	baguette bread food french	法式长棍面包	法式 法式长条面包 面包 食物
4	🫓	flatbread	arepa bread food gordita lavash naan pita	扁面包	圆盘状烤饼 玉米饼 皮塔饼 薄脆饼 面包 面饼 食物
4	🥨	pretzel	convoluted twisted	椒盐卷饼	弯曲 扭曲食品 盘绕 缠绕 错综复杂
4	🥯	bagel	bakery bread breakfast schmear	面包圈	奶酪酱 早餐 烘烤食品 硬面包圈 贝果 面包
4	🥞	pancakes	breakfast crêpe food hotcake pancake	烙饼	煎饼 薄煎饼 薄饼 食物
4	🧇	waffle	breakfast indecisive iron	华夫饼	松饼 格子饼 点心 烤 甜点 窝夫饼
4	🧀	cheese wedge	cheese wedge	芝士	奶酪 起司
4	🍖	meat on bone	bone meat	排骨	带骨的肉 肉 骨
4	🍗	poultry leg	bone chicken drumstick hungry leg poultry turkey	家禽的腿	家禽 火鸡 饿 骨 鸡肉 鸡腿
4	🥩	cut of meat	chop cut lambchop meat porkchop red steak	肉块	排骨 牛排 猪排 红肉 羊排 肉 肉排
4	🥓	bacon	breakfast food meat	培根	烟肉 熏肉 肉 背肯 食物
4	🍔	hamburger	burger eat fast food hungry	汉堡	吃 汉堡包 速食 食物 饿
4	🍟	french fries	fast food french fries	薯条	快餐 油炸 食物
4	🍕	pizza	cheese food hungry pepperoni slice	披萨	一片比萨 比萨 比萨饼 起司 辣味香肠 食物 饿
4	🌭	hot dog	dog frankfurter hot hotdog sausage	热狗	香肠
4	🥪	sandwich	bread	三明治	面包
4	🌮	taco	mexican	墨西哥卷饼	卷饼 墨西哥 墨西哥玉米卷 玉米卷饼
4	🌯	burrito	mexican wrap	墨西哥玉米煎饼	卷饼 墨西哥 墨西哥卷饼 玉米煎饼
4	🫔	tamale	food mexican pamonha wrapped	墨西哥粽子	墨西哥 墨西哥饼 巴西粽 粽子 食物
4	🥙	stuffed flatbread	falafel flatbread food gyro kebab stuffed	夹心饼	大饼 夹心 沙拉三明治 炸豆丸子 烤肉串 肉夹馍 食物
4	🧆	falafel	chickpea meatball	炸豆丸子	中东蔬菜球 油炸鹰嘴豆饼 肉丸 鹰嘴豆
4	🥚	egg	breakfast food	蛋	食物
4	🍳	cooking	breakfast easy egg fry frying over pan restaurant side sunny up	煎蛋	一面老一面嫩的煎蛋 做菜 只煎一面老 平底锅 早餐 煎 蛋 食堂
4	🥘	shallow pan of food	casserole food paella pan shallow	装有食物的浅底锅	平底锅 浅底 炖菜 炖锅 煎锅 西班牙海鲜饭 食物
4	🍲	pot of food	food pot soup stew	一锅食物	炖菜 锅 食物
4	🫕	fondue	cheese chocolate food melted pot ski	奶酪火锅	奶酪 奶酪锅 巧克力 火锅 煮 煲汤 瑞士 融化 锅 食物
4	🥣	bowl with spoon	bowl breakfast cereal congee oatmeal porridge spoon	碗勺	早餐 燕麦 燕麦粥 碗中汤匙 碗和汤匙 稀饭 粥 谷物
4	🥗	green salad	food green salad	绿色沙拉	沙拉 绿色蔬菜 食物
4	🍿	popcorn	corn movie pop	爆米花	看电影
4	🧈	butter	dairy	黄油	乳制品 牛奶
4	🧂	salt	condiment flavor mad salty shaker taste upset	盐	佐料瓶 味道 咸 火大 调味品 调味料
4	🥫	canned food	can canned food	罐头食品	罐头
4	🍱	bento box	bento box food	盒饭	便当 便当盒 食物
4	🍘	rice cracker	cracker food rice	米饼	米 米果 食物
4	🍙	rice ball	ball food japanese rice	饭团	日式饭团 日本 米 食物
4	🍚	cooked rice	cooked food rice	米饭	主食 米 食物 饭
4	🍛	curry rice	curry food rice	咖喱饭	咖喱 食物 饭
4	🍜	steaming bowl	bowl chopsticks food noodle pho ramen soup steaming	面条	拉面 河粉 热气腾腾 热气腾腾面碗 碗 筷子 食物
4	🍝	spaghetti	food meatballs pasta restaurant	意粉	意大利面 意面 肉丸 食物 餐厅
4	🍠	roasted sweet potato	food potato roasted sweet	烤红薯	地瓜 烤地瓜 红薯 食物
4	🍢	oden	food kebab restaurant seafood skewer stick	关东煮	串 卡博 海鲜 食物 餐馆
4	🍣	sushi	food	寿司	食物
4	🍤	fried shrimp	fried prawn shrimp tempura	天妇罗	对虾 油炸 炸虾 虾
4	🍥	fish cake with swirl	cake fish food pastry restaurant swirl	鱼板	鱼 鱼饼
4	🥮	moon cake	autumn cake festival moon yuèbǐng	月饼	中秋节 秋 秋天 节日
4	🍡	dango	dessert japanese skewer stick sweet	团子	串 和果子 日本 甜点 糖葫芦
4	🥟	dumpling	empanada gyōza jiaozi pierogi potsticker	饺子	恩潘纳达 水饺 波兰饺子 煎饺
4	🥠	fortune cookie	cookie fortune prophecy	幸运饼干	签餅 算命 预言
4	🥡	takeout box	box chopsticks delivery food oyster pail takeout	外卖盒	中式外卖 外卖 外卖包装 外卖桶 外卖餐盒 牡蛎桶 盒饭 筷子 送餐 送餐服务
4	🍦	soft ice cream	cream dessert food ice icecream restaurant serve soft sweet	圆筒冰激凌	冰淇淋 圆筒冰淇淋 甜 甜点 霜淇淋 食物
4	🍧	shaved ice	dessert ice restaurant shaved sweet	刨冰	冰 冰沙 沙冰 甜 甜点 餐馆
4	🍨	ice cream	cream dessert food ice restaurant sweet	冰淇淋	冰 冰激凌 奶油 甜 甜点 雪糕
4	🍩	doughnut	breakfast dessert donut food sweet	甜甜圈	甜 甜点 食物
4	🍪	cookie	chip chocolate dessert sweet	饼干	巧克力片 曲奇 曲奇饼 甜点
4	🎂	birthday cake	bday birthday cake celebration dessert happy pastry sweet	生日蛋糕	庆祝 甜 甜点 生日 生日快乐 糕点 蛋糕
4	🍰	shortcake	cake dessert pastry slice sweet	水果蛋糕	一片蛋糕 奶油 奶油酥饼 甜点 糕点 蛋糕
4	🧁	cupcake	bakery dessert sprinkles sugar sweet treat	纸杯蛋糕	烘焙食品 甜点 请客 面包店
4	🥧	pie	apple filling fruit meat pastry pumpkin slice	派	一片派 南瓜派 水果派 油酥点心 糕点 肉排 苹果派 馅
4	🍫	chocolate bar	bar candy chocolate dessert halloween sweet tooth	巧克力	万圣节 巧克力棒 甜 甜品 甜点 糖果
4	🍬	candy	cavities dessert halloween restaurant sweet tooth wrapper	糖	万圣节 嗜甜食 爱吃甜食 甜 甜点 糖果 糖果纸 蛀牙 餐馆
4	🍭	lollipop	candy dessert food restaurant sweet	棒棒糖	果子 甜 糖 糖果
4	🍮	custard	dessert pudding sweet	奶黄	卡士达 甜点 蛋奶冻 蛋奶沙司
4	🍯	honey pot	barrel bear food honey honeypot jar pot sweet	蜂蜜	小熊维尼 桶 甜 蜜罐
4	🍼	baby bottle	babies baby birth born bottle drink infant milk newborn	奶瓶	奶 婴儿 新生儿
4	🥛	glass of milk	drink glass milk	一杯奶	喝 奶 杯 牛奶
4	☕️	hot beverage	beverage cafe caffeine chai coffee drink hot morning steaming tea	热饮	咖啡 早晨 星巴克 热气腾腾 茶 饮料
4	🫖	teapot	brew drink food pot tea	茶壶	冲泡 壶 茶 食物
4	🍵	teacup without handle	beverage cup drink handle oolong tea teacup	热茶	乌龙茶 无柄茶杯 杯 没有把手的茶杯 热饮 茶 茶杯 饮料
4	🍶	sake	bar beverage bottle cup drink restaurant	清酒	喝酒 清酒杯 清酒瓶 瓶 酒 酒吧 酒杯 饮料
4	🍾	bottle with popping cork	bar bottle cork drink popping	开香槟	喝酒 庆祝 木塞 瓶子 砰 砰木塞的瓶子 香槟
4	🍷	wine glass	alcohol bar beverage booze club drink drinking drinks glass restaurant wine	葡萄酒	俱乐部 喝酒 酒 酒吧 酒杯 饮料
4	🍸️	cocktail glass	alcohol bar booze club cocktail drink drinking drinks glass mad martini men	鸡尾酒	俱乐部 喝酒 杯 玻璃杯 酒 酒吧 马丁尼 鸡尾酒杯
4	🍹	tropical drink	alcohol bar booze club cocktail drink drinking drinks drunk mai party tai tropical tropics	热带水果饮料	俱乐部 喝酒 热带饮料 酒 酒吧 饮料 鸡尾酒
4	🍺	beer mug	alcohol ale bar beer booze drink drinking drinks mug octoberfest oktoberfest pint stein summer	啤酒	啤酒节 喝酒 杯 酒 酒吧
4	🍻	clinking beer mugs	alcohol bar beer booze bottoms cheers clink clinking drinking drinks mugs	干杯	啤酒 喝酒 碰杯 酒 酒吧
4	🥂	clinking glasses	celebrate clink clinking drink glass glasses	碰杯	喝 干杯 庆祝 杯
4	🥃	tumbler glass	glass liquor scotch shot tumbler whiskey whisky	平底杯	一杯威士忌 威士忌 平底无脚杯 杯 玻璃杯 酒 随行杯
4	🫗	pouring liquid	accident drink empty glass liquid oops pour pouring spill water	倾倒液体	倒出 倾倒 洒出 流出 玻璃杯 碰倒 空 饮料
4	🥤	cup with straw	cup drink juice malt soda soft straw water	带吸管杯	带吸管的杯子 果汁 水 汽水 苏打 苏打饮料 软饮料 麦乳精饮料
4	🧋	bubble tea	boba bubble food milk pearl tea	珍珠奶茶	奶茶 泡泡 牛奶 珍珠 茶 茶饮 饮料
4	🧃	beverage box	beverage box juice straw sweet	饮料盒	吸管 果汁 果汁盒 甜味 盒装
4	🧉	mate	drink	马黛茶	茶 饮料
4	🧊	ice	cold cube iceberg	冰块	冰 冰冷 冰山 冷 冷却 冷饮
4	🥢	chopsticks	hashi jeotgarak kuaizi	筷子	箸
4	🍽️	fork and knife with plate	cooking dinner eat fork knife plate	餐具	做菜 刀 刀叉与盘 叉 晚餐 烹饪 盘 西餐
4	🍴	fork and knife	breakfast breaky cooking cutlery delicious dinner eat feed food fork hungry knife lunch restaurant yum yummy	刀叉	中餐 刀 午餐 叉 吃 吃早餐 吃饭 好吃 早餐 晚餐 烹调 西餐 餐具 饿了
4	🥄	spoon	eat tableware	匙	勺 勺子 匙子 汤匙 调羹 餐具
4	🔪	kitchen knife	chef cooking hocho kitchen knife tool weapon	菜刀	主厨 刀 武器 烹饪
4	🫙	jar	condiment container empty nothing sauce store	罐	容器 瓶子 空 空瓶 调味品 贮藏 酱
4	🏺	amphora	aquarius cooking drink jug tool weapon zodiac	双耳瓶	壶 水瓶 罐
5	🌍️	globe showing Europe-Africa	africa earth europe europe-africa globe showing world	地球上的欧洲非洲	世界 地球 欧洲 非洲
5	🌎️	globe showing Americas	americas earth globe showing world	地球上的美洲	世界 全球 地球 美洲
5	🌏️	globe showing Asia-Australia	asia asia-australia australia earth globe showing world	地球上的亚洲澳洲	世界 亚洲 亚澳 全球 地球 地球上的亚洲 澳洲
5	🌐	globe with meridians	earth globe internet meridians web world worldwide	带经纬线的地球	世界 全球 地球 子午线 经纬 经线
5	🗺️	world map	map world	世界地图	世界 地图
5	🗾	map of Japan	japan map	日本地图	地图 日本
5	🧭	compass	direction magnetic navigation orienteering	指南针	定向 导航 方向 磁性 罗盘
5	🏔️	snow-capped mountain	cold mountain snow snow-capped	雪山	冷 山 泠 雪 雪封山头 雪顶
5	⛰️	mountain	mountain	山	峰
5	🌋	volcano	eruption mountain nature	火山	喷发 大自然 山 爆发
5	🗻	mount fuji	fuji mount mountain nature	富士山	大自然 山
5	🏕️	camping	camping	露营	帐篷
5	🏖️	beach with umbrella	beach umbrella	沙滩伞	伞 有伞的海滩 沙滩 海滩 阳伞
5	🏜️	desert	desert	沙漠	荒漠
5	🏝️	desert island	desert island	无人荒岛	岛 沙滩孤岛 沙漠 荒岛
5	🏞️	national park	national park	国家公园	公园 自然 风景
5	🏟️	stadium	stadium	体育馆	竞技场
5	🏛️	classical building	building classical	古典建筑	古典 古建筑
5	🏗️	building construction	building construction crane	施工	兴建 建筑施工
5	🧱	brick	bricks clay mortar wall	砖	墙 砂浆 黏土
5	🪨	rock	boulder heavy solid stone tough	岩石	固体 坚不可摧 巨石 石头
5	🪵	wood	log lumber timber	木头	原木 圆木 木材 木桩
5	🛖	hut	home house roundhouse shelter yurt	小屋	圆屋 家 茅屋 蒙古包
5	🏘️	houses	house	房屋建筑	住宅 小区 房 房子
5	🏚️	derelict house	derelict home house	废墟	废屋 荒宅 荒废 鬼屋
5	🏠️	house	building country heart home ranch settle simple suburban suburbia where	房子	乡村家园 住家 家 建筑 心之所在 房屋 郊区
5	🏡	house with garden	building country garden heart home house ranch settle simple suburban suburbia where	别墅	乡村家园 住家 家 庭院 庭院居家 建筑 心之所在 房子 花园 郊区
5	🏢	office building	building city cubical job office	办公楼	写字楼 建筑
5	🏣	Japanese post office	building japanese office post	日本邮局	建筑 日本 邮便 邮局
5	🏤	post office	building european office post	邮局	建筑 欧洲 欧洲邮局
5	🏥	hospital	building doctor medicine	医院	医生 医药 建筑 看病
5	🏦	bank	building	银行	建筑
5	🏨	hotel	building	酒店	建筑 旅馆
5	🏩	love hotel	building hotel love	情人酒店	建筑 情人旅馆 情侣酒店 旅馆
5	🏪	convenience store	24 building convenience hours store	便利店	24 小时 商店 建筑
5	🏫	school	building	学校	建筑 教学楼
5	🏬	department store	building department store	商场	建筑 百货公司 百货商城 百货商店
5	🏭️	factory	building	工厂	建筑
5	🏯	Japanese castle	building castle japanese	日本城堡	城堡 建筑 日本
5	🏰	castle	building european	欧洲城堡	城堡 建筑 欧洲
5	💒	wedding	chapel hitched nuptials romance	婚礼	教堂 浪漫 结婚
5	🗼	Tokyo tower	tokyo tower	东京塔	东京 塔
5	🗽	Statue of Liberty	liberty new ny nyc statue york	自由女神像	塑像 纽约 自由 雕塑
5	⛪️	church	bless chapel christian cross religion	教堂	基督 基督教 宗教 小教堂
5	🕌	mosque	islam masjid muslim religion	清真寺	伊斯兰 宗教 穆斯林
5	🛕	hindu temple	hindu temple	印度寺庙	佛寺 佛教 寺庙 寺院 庙宇
5	🕍	synagogue	jew jewish judaism religion temple	犹太教堂	会堂 宗教 犹太 犹太教
5	⛩️	shinto shrine	religion shinto shrine	神社	宗教 日本 神道教
5	🕋	kaaba	hajj islam muslim religion umrah	克尔白	伊斯兰 天房 宗教 穆斯林
5	⛲️	fountain	fountain	喷泉	喷泉
5	⛺️	tent	camping	帐篷	露营
5	🌁	foggy	fog	有雾	雾 霾
5	🌃	night with stars	night star stars	夜晚	星空 晚上
5	🏙️	cityscape	city	城市风光	城市 都市 都市景观 高楼大厦
5	🌄	sunrise over mountains	morning mountains over sun sunrise	山顶日出	太阳 山 日出 早晨 清晨
5	🌅	sunrise	morning nature sun	日出	大自然 太阳 早晨 清晨
5	🌆	cityscape at dusk	at building city cityscape dusk evening landscape sun sunset	城市黄昏	城市 夜晚 日落 都市 黄昏
5	🌇	sunset	building dusk sun	日落	夕阳
5	🌉	bridge at night	at bridge night	夜幕下的桥	夜幕 晚上 桥
5	♨️	hot springs	hot hotsprings springs steaming	温泉	水 泉 热气腾腾 蒸汽
5	🎠	carousel horse	carousel entertainment horse	旋转木马	木马 游乐园
5	🛝	playground slide	amusement park play playground playing slide sliding theme	游乐场滑梯	游乐园 游乐场 滑梯 玩 玩耍
5	🎡	ferris wheel	amusement ferris park theme wheel	摩天轮	游乐园
5	🎢	roller coaster	amusement coaster park roller theme	过山车	游乐园
5	💈	barber pole	barber cut fresh haircut pole shave	理发店	旋转 柱 理发 理发师 理发店旋转彩柱
5	🎪	circus tent	circus tent	马戏团帐篷	帐篷 马戏团
5	🚂	locomotive	caboose engine railway steam train trains travel	蒸汽火车	守车 旅行 火车 火车头 蒸汽 蒸汽车头 铁路
5	🚃	railway car	car electric railway train tram travel trolleybus	轨道车	旅行 电车 铁路
5	🚄	high-speed train	high-speed railway shinkansen speed train	高速列车	动车 新干线 火车 速度 高铁
5	🚅	bullet train	bullet high-speed nose railway shinkansen speed train travel	子弹头高速列车	动车 子弹列车 子弹头 新干线 火车 高速 高铁
5	🚆	train	arrived choo railway	火车	到站 呜呜 铁路
5	🚇️	metro	subway travel	地铁	捷运
5	🚈	light rail	arrived light monorail rail railway	轻轨	到站 单轨电车 火车
5	🚉	station	railway train	车站	地铁 捷运 火车 铁路
5	🚊	tram	trolleybus	路面电车	捷运 电车
5	🚝	monorail	vehicle	单轨	单轨电车 火车
5	🚞	mountain railway	car mountain railway trip	山区铁路	山区 山地铁路 火车 铁路
5	🚋	tram car	bus car tram trolley trolleybus	有轨电车	轨道
5	🚌	bus	school vehicle	公交车	公交 公共汽车 大巴
5	🚍️	oncoming bus	bus cars oncoming	迎面驶来的公交车	公交 公共汽车 大巴 迎面驶来
5	🚎	trolleybus	bus tram trolley	无轨电车	公共汽车 电车
5	🚐	minibus	bus drive van vehicle	小巴	公共汽车 开车 移动房车
5	🚑️	ambulance	emergency vehicle	救护车	急救 车辆
5	🚒	fire engine	engine fire truck	消防车	救火车 火灾
5	🚓	police car	5–0 car cops patrol police	警车	巡逻 檀岛警騎 汽车 警察
5	🚔️	oncoming police car	car oncoming police	迎面驶来的警车	汽车 警察 警车
5	🚕	taxi	cab cabbie car drive vehicle yellow	出租车	小黄 开车 汽车 的士 计程车
5	🚖	oncoming taxi	cab cabbie cars drove hail oncoming taxi yellow	迎面驶来的出租车	优步 出租车 叫车 小黄 开车 的士
5	🚗	automobile	car driving vehicle	汽车	开车 轿车
5	🚘️	oncoming automobile	automobile car cars drove oncoming vehicle	迎面驶来的汽车	开车 汽车 轿车 迎面而来
5	🚙	sport utility vehicle	car drive recreational sport sportutility utility vehicle	运动型多用途车	suv 休旅车 休闲车 开车 房车 汽车 车辆 轿车 驾驶
5	🛻	pickup truck	automobile car flatbed pick-up pickup transportation truck	敞蓬小型载货卡车	交通工具 卡车 汽车 皮卡 车 载货
5	🚚	delivery truck	car delivery drive truck vehicle	货车	卡车 开车 送货
5	🚛	articulated lorry	articulated car drive lorry move semi truck vehicle	铰接式货车	卡车 拖车 搬运 货车 铰接式卡车
5	🚜	tractor	vehicle	拖拉机	拖拉机
5	🏎️	racing car	car racing zoom	赛车	汽车 疾驰 跑车
5	🏍️	motorcycle	racing	摩托车	摩托 赛车
5	🛵	motor scooter	motor scooter	小型摩托车	摩托车 踏板车
5	🦽	manual wheelchair	accessibility manual wheelchair	手动轮椅	无障碍 轮椅
5	🦼	motorized wheelchair	accessibility motorized wheelchair	电动轮椅	无障碍 轮椅
5	🛺	auto rickshaw	auto rickshaw tuk	三轮摩托车	三脚鸡 三蹦子 嘟嘟车 电动三轮车 自动人力车 黄包车
5	🚲️	bicycle	bike class cycle cycling cyclist gang ride spin spinning	自行车	单车 脚踏车 自行车骑士 飞驰 骑车 骑车疾驰
5	🛴	kick scooter	kick scooter	滑板车	滑板车
5	🛹	skateboard	board skate skater wheels	滑板	板 踩滑板
5	🛼	roller skate	blades roller skate skates sport	四轮滑冰鞋	旱冰 溜冰 溜冰鞋 滑冰 轮式 运动
5	🚏	bus stop	bus busstop stop	公交车站	公交站 公共汽车站
5	🛣️	motorway	highway road	高速公路	公路
5	🛤️	railway track	railway track train	铁轨	火车 铁路
5	🛢️	oil drum	drum oil	石油桶	桶 油桶 石油
5	⛽️	fuel pump	diesel fuel fuelpump gas gasoline pump station	油泵	加油 加油站 柴油 燃料 燃油
5	🛞	wheel	car circle tire turn vehicle	车轮	圆圈 汽车 车辆 转动 轮胎
5	🚨	police car light	alarm alert beacon car emergency light police revolving siren	警车灯	灯 紧急 警报 警灯 警示
5	🚥	horizontal traffic light	horizontal intersection light signal stop stoplight traffic	横向的红绿灯	交通灯 信号灯 红绿灯
5	🚦	vertical traffic light	drove intersection light signal stop stoplight traffic vertical	纵向的红绿灯	交叉口 交通灯 信号灯 直的红绿灯 红绿灯
5	🛑	stop sign	octagonal sign stop	停止标志	停止 八角形 八边形 标志
5	🚧	construction	barrier	路障	施工
5	⚓️	anchor	ship tool	锚	停泊 工具 船
5	🛟	ring buoy	buoy float life lifesaver preserver rescue ring safety save saver swim	救生圈	安全 救援 救生 救生用具 游泳 漂浮
5	⛵️	sailboat	boat resort sailing sea yacht	帆船	游艇 船 驾帆船
5	🛶	canoe	boat	独木舟	船
5	🚤	speedboat	billionaire boat lake luxury millionaire summer travel	快艇	亿万富翁 船 豪华游艇
5	🛳️	passenger ship	passenger ship	客轮	客船 旅客
5	⛴️	ferry	boat passenger	渡轮	旅客 渡船 轮船
5	🛥️	motor boat	boat motor motorboat	摩托艇	船
5	🚢	ship	boat passenger travel	船	旅客 旅行
5	✈️	airplane	aeroplane fly flying jet plane travel	飞机	喷气机 旅行 飞行
5	🛩️	small airplane	aeroplane airplane plane small	小型飞机	小飞机 飞机
5	🛫	airplane departure	aeroplane airplane check-in departure departures plane	航班起飞	值机 出境 报到 登机 离境 航班 起飞 飞机
5	🛬	airplane arrival	aeroplane airplane arrival arrivals arriving landing plane	航班降落	到达 着陆 航班 降落 飞机
5	🪂	parachute	hang-glide parasail skydive	降落伞	帆伞 悬挂滑翔 滑翔 滑翔伞 跳伞
5	💺	seat	chair	座位	位子 椅子
5	🚁	helicopter	copter roflcopter travel vehicle	直升机	旅行 直升飞机
5	🚟	suspension railway	railway suspension	空轨	悬挂 悬挂式单轨 空中轨道列车
5	🚠	mountain cableway	cable cableway gondola lift mountain ski	缆车	空中 索道
5	🚡	aerial tramway	aerial cable car gondola ropeway tramway	索道	空中 缆车
5	🛰️	satellite	space	卫星	太空
5	🚀	rocket	launch rockets space travel	火箭	发射 太空 旅行
5	🛸	flying saucer	aliens extra flying saucer terrestrial ufo	飞碟	ufo 不明飞行物 外星人 外星球
5	🛎️	bellhop bell	bell bellhop hotel	服务铃	行李员 酒店 铃
5	🧳	luggage	bag packing roller suitcase travel	行李箱	包装 手提箱 旅行 滚轮提箱 行李
5	⌛️	hourglass done	done hourglass sand time timer	沙漏	时间 计时 计时器
5	⏳️	hourglass not done	done flowing hourglass hours not sand timer waiting yolo	沙正往下流的沙漏	沙 沙漏 等待 计时器
5	⌚️	watch	clock time	手表	时间 表
5	⏰️	alarm clock	alarm clock hours hrs late time waiting	闹钟	小时 时间 钟
5	⏱️	stopwatch	clock time	秒表	码表 计时 计时器
5	⏲️	timer clock	clock timer	定时器	时间 计时 计时器
5	🕰️	mantelpiece clock	clock mantelpiece time	座钟	台钟 壁炉钟 时钟
5	🕛️	twelve o’clock	12 12:00 clock o’clock time twelve	十二点	00 12 12:00 整点 时间 点钟 钟
5	🕧️	twelve-thirty	12 12:30 30 clock thirty time twelve	十二点半	12 12:30 30 时钟
5	🕐️	one o’clock	1 1:00 clock one o’clock time	一点	00 1 1:00 时间
5	🕜️	one-thirty	1 1:30 30 clock one thirty time	一点半	1 1:30 30 时间 钟
5	🕑️	two o’clock	2 2:00 clock o’clock time two	两点	00 2 2:00 时钟
5	🕝️	two-thirty	2 2:30 30 clock thirty time two	两点半	2 2:30 30 时间 钟
5	🕒️	three o’clock	3 3:00 clock o’clock three time	三点	00 3 3:00 时钟
5	🕞️	three-thirty	3 30 3:30 clock thirty three time	三点半	3 30 3:30 时间 钟
5	🕓️	four o’clock	4 4:00 clock four o’clock time	四点	00 4 4:00 时钟
5	🕟️	four-thirty	30 4 4:30 clock four thirty time	四点半	30 4 4:30 时间 钟
5	🕔️	five o’clock	5 5:00 clock five o’clock time	五点	00 5 5:00 时钟
5	🕠️	five-thirty	30 5 5:30 clock five thirty time	五点半	30 5 5:30 时钟
5	🕕️	six o’clock	6 6:00 clock o’clock six time	六点	00 6 6:00 时钟
5	🕡️	six-thirty	30 6 6:30 clock six thirty	六点半	30 6 6:30 时钟
5	🕖️	seven o’clock	0 7 7:00 clock o’clock seven	七点	00 7 7:00 时钟
5	🕢️	seven-thirty	30 7 7:30 clock seven thirty	七点半	30 7 7:30 时钟
5	🕗️	eight o’clock	8 8:00 clock eight o’clock time	八点	00 8 8:00 时间 钟
5	🕣️	eight-thirty	30 8 8:30 clock eight thirty time	八点半	30 8 8:30 时钟
5	🕘️	nine o’clock	9 9:00 clock nine o’clock time	九点	00 9 9:00 时钟
5	🕤️	nine-thirty	30 9 9:30 clock nine thirty time	九点半	30 9 9:30 时钟
5	🕙️	ten o’clock	0 10 10:00 clock o’clock ten	十点	00 10 10:00 时钟
5	🕥️	ten-thirty	10 10:30 30 clock ten thirty time	十点半	10 10:30 30 时钟
5	🕚️	eleven o’clock	11 11:00 clock eleven o’clock time	十一点	00 11 11:00 时钟
5	🕦️	eleven-thirty	11 11:30 30 clock eleven thirty time	十一点半	11 11:30 30 时钟
5	🌑	new moon	dark moon new space	朔月	新月 月亮
5	🌒	waxing crescent moon	crescent dreams moon space waxing	蛾眉月	三日月 娥眉月 弯月 月亮 盈月 眉月
5	🌓	first quarter moon	first moon quarter space	上弦月	月亮
5	🌔	waxing gibbous moon	gibbous moon space waxing	盈凸月	月亮
5	🌕️	full moon	full moon space	满月	月亮 望月
5	🌖	waning gibbous moon	gibbous moon space waning	亏凸月	月亮 衰落
5	🌗	last quarter moon	last moon quarter space	下弦月	月亮
5	🌘	waning crescent moon	crescent moon space waning	残月	亏眉月 弯月 月亮
5	🌙	crescent moon	crescent moon ramadan space	弯月	娥眉月 新月形 月亮 残月 蛾眉月
5	🌚	new moon face	face moon new space	微笑的朔月	新月 月亮 朔月
5	🌛	first quarter moon face	face first moon quarter space	微笑的上弦月	上弦月 月亮 蛾眉月
5	🌜️	last quarter moon face	dreams face last moon quarter	微笑的下弦月	下弦月 月亮 残月
5	🌡️	thermometer	weather	温度计	天气 气温 温度
5	☀️	sun	bright rays space sunny weather	太阳	光线 晴 晴天 阳光明媚 阳光普照
5	🌝	full moon face	bright face full moon	微笑的月亮	月亮 望月 满月
5	🌞	sun with face	beach bright day face heat shine sun sunny sunshine weather	微笑的太阳	太阳 温暖阳光 阳光明媚
5	🪐	ringed planet	planet ringed saturn saturnine	有环行星	土星 行星
5	⭐️	star	astronomy medium stars white	星星	五角星 白色星星
5	🌟	glowing star	glittery glow glowing night shining sparkle star win	闪亮的星星	发光 星星 闪亮 闪光
5	🌠	shooting star	falling night shooting space star	流星	夜晚 太空 星空 陨落之星
5	🌌	milky way	milky space way	银河	太空 星空
5	☁️	cloud	weather	云	云彩 云朵 天气 阴
5	⛅️	sun behind cloud	behind cloud cloudy sun weather	阴	乌云蔽日 多云
5	⛈️	cloud with lightning and rain	cloud lightning rain thunder thunderstorm	雷阵雨	暴风雨 阵雨 雨 雷 雷暴
5	🌤️	sun behind small cloud	behind cloud sun weather	晴偶有云	云 天气 太阳 少云 晴 阴
5	🌥️	sun behind large cloud	behind cloud sun weather	多云	云 太阳 泠 阴
5	🌦️	sun behind rain cloud	behind cloud rain sun weather	晴转雨	下雨 云 天气 太阳 晴时多云偶阵雨 雨
5	🌧️	cloud with rain	cloud rain weather	下雨	云 天气 雨
5	🌨️	cloud with snow	cloud cold snow weather	下雪	云 天气 雪
5	🌩️	cloud with lightning	cloud lightning weather	打雷	云 天气 闪电 雷
5	🌪️	tornado	cloud weather whirlwind	龙卷风	云 天气 旋风
5	🌫️	fog	cloud weather	雾	云 霾
5	🌬️	wind face	blow cloud face wind	大风	狂风 风吹
5	🌀	cyclone	dizzy hurricane twister typhoon weather	台风	天气 旋风 晕 气旋 飓风 龙卷风
5	🌈	rainbow	gay genderqueer glbt glbtq lesbian lgbt lgbtq lgbtqia nature pride queer rain trans transgender weather	彩虹	lgbt 双性恋 同志 跨性别
5	🌂	closed umbrella	closed clothing rain umbrella	收起的伞	下雨 伞 雨 雨伞
5	☂️	umbrella	clothing rain	伞	雨 雨伞
5	☔️	umbrella with rain drops	clothing drop drops rain umbrella weather	雨伞	下雨 伞 雨滴
5	⛱️	umbrella on ground	ground rain sun umbrella	阳伞	下雨 伞 地上的阳伞 太阳
5	⚡️	high voltage	danger electric electricity high lightning nature thunder thunderbolt voltage zap	高压	危险 有电 闪电
5	❄️	snowflake	cold snow weather	雪花	冷 天气 雪
5	☃️	snowman	cold man snow	雪与雪人	泠 雪 雪人
5	⛄️	snowman without snow	cold man snow snowman	雪人	下雪 泠
5	☄️	comet	space	彗星	太空
5	🔥	fire	af burn flame hot lit litaf tool	火焰	火 烧 燃烧
5	💧	droplet	cold comic drop nature sad sweat tear water weather	水滴	冷 天气 水 泪 眼泪
5	🌊	water wave	nature ocean surf surfer surfing water wave	浪花	波浪 浪 海洋
6	🎃	jack-o-lantern	celebration halloween jack lantern pumpkin	南瓜灯	万圣节 南瓜 庆祝 灯 灯笼
6	🎄	Christmas tree	celebration christmas tree	圣诞树	圣诞 庆祝 树 装饰
6	🎆	fireworks	boom celebration entertainment yolo	焰火	庆典 庆祝 炮竹 烟花 爆竹
6	🎇	sparkler	boom celebration fireworks sparkle	烟花	庆祝 火花 烟火 焰火
6	🧨	firecracker	dynamite explosive fire fireworks light pop popping spark	爆竹	光亮 火花 炸药 烟火 烟花 爆炸 鞭炮
6	✨️	sparkles	* magic sparkle star	闪亮	星星 火花 闪光 闪耀
6	🎈	balloon	birthday celebrate celebration	气球	庆祝 生日 节日
6	🎉	party popper	awesome birthday celebrate celebration excited hooray party popper tada woohoo	拉炮彩带	兴奋 呱呱叫 庆祝 彩带 拉炮 派对 派对礼宾花 生日
6	🎊	confetti ball	ball celebrate celebration confetti party woohoo	五彩纸屑球	五彩纸屑 庆祝 彩色纸屑 球 舞会
6	🎋	tanabata tree	banner celebration japanese tanabata tree	七夕树	七夕 庆祝 日本 条幅 树
6	🎍	pine decoration	bamboo celebration decoration japanese pine plant	门松	庆祝 日本 松树 盆栽 竹
6	🎎	Japanese dolls	celebration doll dolls festival japanese	日本人形	人偶 娃娃 庆祝 日本 日本人偶 节日
6	🎏	carp streamer	carp celebration streamer	鲤鱼旗	庆祝 日本 男孩节 长旗
6	🎐	wind chime	bell celebration chime wind	风铃	庆祝 铃铛 风
6	🎑	moon viewing ceremony	celebration ceremony moon viewing	赏月	中秋 佳节 庆祝 月亮 祭月
6	🧧	red envelope	envelope gift good hóngbāo lai luck money red see	红包	利事 利是 好运 礼物 红信封 运气 钱
6	🎀	ribbon	celebration	蝴蝶结	丝带 庆祝 缎带
6	🎁	wrapped gift	birthday bow box celebration christmas gift present surprise wrapped	礼物	包礼物 包装 圣诞 庆祝 惊喜 生日礼物 盒子 礼品
6	🎗️	reminder ribbon	celebration reminder ribbon	提示丝带	丝带 庆典 庆祝 暗示 飘带
6	🎟️	admission tickets	admission ticket tickets	入场券	票 门票
6	🎫	ticket	admission stub	票	入场券 电影票 票根 车票 门票
6	🎖️	military medal	award celebration medal military	军功章	军队 勋章 奖章
6	🏆️	trophy	champion champs prize slay sport victory win winning	奖杯	冠军 奖励 奖品 奖赏 胜利 获胜
6	🏅	sports medal	award gold medal sports winner	奖牌	获胜 运动会奖牌 运动员 金牌
6	🥇	1st place medal	1st first gold medal place	金牌	奖牌 第一 第一名奖牌
6	🥈	2nd place medal	2nd medal place second silver	银牌	亚军 奖牌 第二 第二名奖牌
6	🥉	3rd place medal	3rd bronze medal place third	铜牌	奖牌 季军 第三 第三名奖牌
6	⚽️	soccer ball	ball football futbol soccer sport	足球	大罗 梅西 球 球赛 罗纳尔多 胖罗 英式足球 运动
6	⚾️	baseball	ball sport	棒球	球 运动
6	🥎	softball	ball glove sports underarm	垒球	手套 球 腋下 运动
6	🏀	basketball	ball hoop sport	篮球	打球 球 篮筐 运动
6	🏐	volleyball	ball game	排球	球 球赛
6	🏈	american football	american ball bowl football sport super	美式橄榄球	橄榄球 球
6	🏉	rugby football	ball football rugby sport	英式橄榄球	橄榄球 球 运动
6	🎾	tennis	ball racquet sport	网球	球 球拍 网球拍
6	🥏	flying disc	disc flying ultimate	飞盘	圆盘 极限 极限运动 终极
6	🎳	bowling	ball game sport strike	保龄球	全倒 球 运动
6	🏏	cricket game	ball bat cricket game	板球	球 球拍
6	🏑	field hockey	ball field game hockey stick	曲棍球	球 球棍 球赛
6	🏒	ice hockey	game hockey ice puck stick	冰球	冰球杆 球 球棍
6	🥍	lacrosse	ball goal sports stick	袋棍球	得分 球 球棍 球门 运动 长曲棍球
6	🏓	ping pong	ball bat game paddle ping pingpong pong table tennis	乒乓球	乒乓 桌球 比赛 球 球拍
6	🏸	badminton	birdie game racquet shuttlecock	羽毛球	球拍 羽球
6	🥊	boxing glove	boxing glove	拳击手套	手套 拳击
6	🥋	martial arts uniform	arts judo karate martial taekwondo uniform	练武服	制服 柔道 武术 空手道 跆拳道
6	🥅	goal net	goal net	球门	球网
6	⛳️	flag in hole	flag golf hole sport	高尔夫球洞	果岭 果岭旗 球洞 高尔夫 高球
6	⛸️	ice skate	ice skate skating	滑冰	冰刀 溜冰
6	🎣	fishing pole	entertainment fish fishing pole sport	钓鱼竿	钓竿 鱼杆
6	🤿	diving mask	diving mask scuba snorkeling	潜水面罩	浮潜 深潜 潜水
6	🎽	running shirt	athletics running sash shirt	运动背心	上衣 跑步 运动服 饰带
6	🎿	skis	ski snow sport	滑雪	运动 雪
6	🛷	sled	luge sledge sleigh snow toboggan	雪橇	下雪 乘雪橇 平底雪橇 驾雪橇
6	🥌	curling stone	curling game rock stone	冰壶	冰上溜石 比赛 游戏 石壶
6	🎯	bullseye	bull dart direct entertainment game hit target	正中靶心的飞镖	命中 标的 直接命中 要害 靶心 飞镖
6	🪀	yo-yo	fluctuate toy	悠悠球	上下起落 溜溜球 犹豫不决 玩具
6	🪁	kite	fly soar	风筝	翱翔 飞翔
6	🔫	water pistol	gun handgun pistol revolver tool water weapon	水枪	工具 左轮 手枪 枪 武器
6	🎱	pool 8 ball	8 8ball ball billiard eight game pool	台球	8 球制桌球 8号球 台球台 游戏 霹雳八球
6	🔮	crystal ball	ball crystal fairy fairytale fantasy fortune future magic tale tool	水晶球	命运 工具 梦幻 水晶 球 童话 财富 魔法
6	🪄	magic wand	magic magician wand witch wizard	魔棒	女巫 巫师 魔术 魔术师 魔杖 魔法
6	🎮️	video game	controller entertainment game video	游戏手柄	手柄 游戏 游戏控制器 电子游戏
6	🕹️	joystick	game video videogame	游戏操控杆	操控杆 游戏 电子游戏
6	🎰	slot machine	casino gamble gambling game machine slot slots	老虎机	吃角子老虎 游戏 角子机 赌博 赌场
6	🎲	game die	dice die entertainment game	骰子	掷骰子 色子 骰子游戏
6	🧩	puzzle piece	clue interlocking jigsaw piece puzzle	拼图	图片 智力游戏 相扣 线索 联锁 部件
6	🧸	teddy bear	bear plaything plush stuffed teddy toy	泰迪熊	填充 毛绒玩具 熊 玩偶 玩具 玩物 长毛绒
6	🪅	piñata	candy celebrate celebration cinco de festive mayo party pinada pinata	彩罐	五月节 墨西哥 庆祝 皮纳塔 糖果 聚会 节日
6	🪩	mirror ball	ball dance disco glitter mirror party	镜球	派对 聚会 舞会 舞厅 舞蹈 蹦迪 迪斯科 闪耀
6	🪆	nesting dolls	babooshka baboushka babushka doll dolls matryoshka nesting russia	套娃	俄罗斯套娃 俄罗斯娃娃 娃娃
6	♠️	spade suit	card game spade suit	黑桃	扑克 牌 葵扇 黑桃花色
6	♥️	heart suit	card emotion game heart hearts suit	红桃	扑克 牌 红心 红桃花色
6	♦️	diamond suit	card diamond game suit	方片	扑克 方块 牌 牌局
6	♣️	club suit	card club clubs game suit	梅花	扑克 梅花花色 牌 草花
6	♟️	chess pawn	chess dupe expendable pawn	兵	受骗者 国际象棋 牺牲品
6	🃏	joker	card game wildcard	大小王	大王 小丑 小王 扑克 扑克小丑 牌 百搭牌 鬼牌
6	🀄️	mahjong red dragon	dragon game mahjong red	红中	方城之战 牌局 麻将 麻将红中
6	🎴	flower playing cards	card cards flower game japanese playing	花札	卡牌 日本 游戏 花斗 花牌
6	🎭️	performing arts	actor actress art arts entertainment mask performing theater theatre thespian	表演艺术	剧院 女演员 戏剧 演员 艺术 莎士比亚 表演 面具
6	🖼️	framed picture	art frame framed museum painting picture	带框的画	加框的照片 博物馆 框 照片 画 画框 艺术
6	🎨	artist palette	art artist artsy arty colorful creative entertainment museum painter painting palette	调色盘	创意 博物馆 多种色彩 娱乐 画家 画画 绘画 艺术 调色板
6	🧵	thread	needle sewing spool string	线	卷盘 线轴 绳子 缝纫 针 针线
6	🪡	sewing needle	embroidery needle sew sewing stitches sutures tailoring thread	缝合针	线 绣花针 缝合 缝纫 缝线 缝衣针 裁剪 针
6	🧶	yarn	ball crochet knit	毛线	毛线球 线球 编织 钩针编织
6	🪢	knot	cord rope tangled tie twine twist	结	八字结 打结 绳子 绳扣 绳结 缠结 麻线
7	👓️	glasses	clothing eye eyeglasses eyewear	眼镜	服饰 眼睛
7	🕶️	sunglasses	dark eye eyewear glasses	墨镜	太阳镜
7	🥽	goggles	dive eye protection scuba swimming welding	护目镜	护目 护眼 水肺 游泳 潜水 焊接
7	🥼	lab coat	clothes coat doctor dr experiment jacket lab scientist white	白大褂	医生 外衣 实验 实验人员 实验室白大褂 实验服 白衣 科学家 衣服
7	🦺	safety vest	emergency safety vest	救生衣	安全 紧急 背心 逃生
7	👔	necktie	clothing employed serious shirt tie	领带	工作 正式 衬衫领带
7	👕	t-shirt	blue casual clothes clothing collar dressed shirt shopping tshirt weekend	T恤	t恤 休闲服装 恤衫
7	👖	jeans	blue casual clothes clothing denim dressed pants shopping trousers weekend	牛仔裤	休闲 周末 蓝色 裤子
7	🧣	scarf	bundle cold neck up	围巾	冷 包紧 围脖 头巾
7	🧤	gloves	hand	手套	手
7	🧥	coat	brr bundle cold jacket up	外套	冷 夹克 超冷
7	🧦	socks	stocking	袜子	短袜 袜 长袜
7	👗	dress	clothes clothing dressed fancy shopping	连衣裙	衣服 裙子
7	👘	kimono	clothing comfortable	和服	日本 衣服
7	🥻	sari	clothing dress	纱丽	印度 披肩 莎丽 衣服 连衣裙
7	🩱	one-piece swimsuit	bathing one-piece suit swimsuit	连体泳衣	一片式 泳衣 泳装 游泳 连身泳衣
7	🩲	briefs	bathing one-piece suit swimsuit underwear	三角裤	一片式 内裤 泳衣 泳装 短裤
7	🩳	shorts	bathing pants suit swimsuit underwear	短裤	内裤 四角裤 泳衣 泳装 泳裤 裤子
7	👙	bikini	bathing beach clothing pool suit swim	比基尼	三点式 泳装 游泳
7	👚	woman’s clothes	blouse clothes clothing collar dress dressed lady shirt shopping woman woman’s	女装	女 女生衣服 女衬衫 衣服
7	🪭	folding hand fan	clack clap cool cooling dance fan flirt flutter folding hand hot shy	折扇	凉 凉快 啪嗒声 害羞 扇 扇动 扇子 拍手 热 羞涩 腼腆 舞蹈 调情 跳舞 降温
7	👛	purse	clothes clothing coin dress fancy handbag shopping	钱包	血拼 铜板
7	👜	handbag	bag clothes clothing dress lady purse shopping	手提包	包包 挎包 血拼
7	👝	clutch bag	bag clothes clothing clutch dress handbag pouch purse	手袋	包 化妆包 手拿 手拿包
7	🛍️	shopping bags	bag bags hotel shopping	购物袋	包 袋 购物 逛街
7	🎒	backpack	backpacking bag bookbag education rucksack satchel school	书包	上学 包
7	🩴	thong sandal	beach flip flop sandal sandals shoe thong thongs zōri	夹趾凉鞋	人字拖 凉鞋 沙滩 沙滩凉鞋 草屡 鞋
7	👞	man’s shoe	brown clothes clothing feet foot kick man man’s shoe shoes shopping	男鞋	棕色 皮鞋 鞋
7	👟	running shoe	athletic clothes clothing fast kick running shoe shoes shopping sneaker tennis	跑鞋	跑 运动鞋 鞋
7	🥾	hiking boot	backpacking boot brown camping hiking outdoors shoe	登山鞋	健行 徒步 户外 登山 背包 远足野营 露营 靴子 鞋
7	🥿	flat shoe	ballet comfy flat flats shoe slip-on slipper	平底鞋	一脚蹬 便鞋 平底芭蕾舞鞋 芭蕾舞鞋
7	👠	high-heeled shoe	clothes clothing dress fashion heel heels high-heeled shoe shoes shopping stiletto woman	高跟鞋	女 时装 鞋 高跟
7	👡	woman’s sandal	clothing sandal shoe woman woman’s	女式凉鞋	凉鞋 女
7	🩰	ballet shoes	ballet dance shoes	芭蕾舞鞋	舞蹈 舞鞋 足尖鞋 跳舞
7	👢	woman’s boot	boot clothes clothing dress shoe shoes shopping woman woman’s	女靴	女 女式靴子 靴子
7	🪮	hair pick	afro comb groom hair pick	发夹	圆蓬 头发 夹子 小刷子 梳子 梳理 爆炸头 非洲头
7	👑	crown	clothing family king medieval queen royal royalty win	皇冠	国王 权力的游戏 王冠 王后 皇家
7	👒	woman’s hat	clothes clothing garden hat hats party woman woman’s	女帽	女 女式 帽子 花园派对
7	🎩	top hat	clothes clothing fancy formal hat magic top tophat	礼帽	帽子 正式 高帽
7	🎓️	graduation cap	cap celebration clothing education graduation hat scholar	毕业帽	四方帽 学位 学者 毕业
7	🧢	billed cap	baseball bent billed cap dad hat	鸭舌帽	帽子 棒球帽
7	🪖	military helmet	army helmet military soldier war warrior	军用头盔	军事 军用 军队 士兵 头盔 战争 战士 部队
7	⛑️	rescue worker’s helmet	aid cross face hat helmet rescue worker’s	白十字头盔	十字 头盔 安全帽 救援人员头盔 脸
7	📿	prayer beads	beads clothing necklace prayer religion	念珠	宗教 珠子 祈祷 项链
7	💄	lipstick	cosmetics date makeup	唇膏	化妆 化妆品 口红 约会
7	💍	ring	diamond engaged engagement married romance shiny sparkling wedding	戒指	结婚 订婚 钻戒 闪
7	💎	gem stone	diamond engagement gem jewel money romance stone wedding	宝石	婚礼 珠宝 订婚 钻石
7	🔇	muted speaker	mute muted quiet silent sound speaker	已静音的扬声器	声音 安静 扬声器 扬声器关闭 无声 静音
7	🔈️	speaker low volume	low soft sound speaker volume	低音量的扬声器	低音量扬扬声 喇叭 小声 小音量 扬声器 轻声 音量
7	🔉	speaker medium volume	medium sound speaker volume	中等音量的扬声器	中等 中等音量 中音量 中音量扬声器 扬声器
7	🔊	speaker high volume	high loud music sound speaker volume	高音量的扬声器	大声 大音量 扬声器 音量 高音量
7	📢	loudspeaker	address communication loud public sound	喇叭	公共广播 大声 广播 扩音器 通知
7	📣	megaphone	cheering sound	扩音器	呼喊 喇叭 喇叭筒 大声 通知
7	📯	postal horn	horn post postal	邮号	号 号角 喇叭 邮政
7	🔔	bell	break church sound	铃铛	叮当 响铃 钟 钟声 铃声
7	🔕	bell with slash	bell forbidden mute no not prohibited quiet silent slash sound	禁止响铃	响铃关闭 安静 无声 铃 静音
7	🎼	musical score	music musical note score	乐谱	五线谱 曲谱 音乐 音符
7	🎵	musical note	music musical note sound	音符	乐谱 五线谱 八分音符 音乐
7	🎶	musical notes	music musical note notes sound	多个音符	乐谱 五线谱 八分音符 音乐 音符
7	🎙️	studio microphone	mic microphone music studio	录音室麦克风	录音室 音乐 麦 麦克 麦克风
7	🎚️	level slider	level music slider	电平滑块	滑块 电平 调节 调节滑块 音乐 音量
7	🎛️	control knobs	control knobs music	控制旋钮	控制 旋钮 调节 音乐
7	🎤	microphone	karaoke mic music sing sound	麦克风	k歌 卡拉ok 唱k 唱歌 麦 麦克
7	🎧️	headphone	earbud sound	耳机	头戴式耳机 耳塞
7	📻️	radio	entertainment tbt video	收音机	娱乐 广播 广播电台 无线电 电台
7	🎷	saxophone	instrument music sax	萨克斯管	乐器 吹奏 演奏 萨克斯风 音乐
7	🪗	accordion	box concertina instrument music squeeze squeezebox	手风琴	乐器 六角形风琴 音乐 风琴
7	🎸	guitar	instrument music strat	吉他	乐器 弹奏 演奏 电吉他 音乐
7	🎹	musical keyboard	instrument keyboard music musical piano	音乐键盘	乐器 弹奏 演奏 钢琴 音乐
7	🎺	trumpet	instrument music	小号	乐器 吹奏 喇叭 音乐
7	🎻	violin	instrument music	小提琴	乐器 提琴 是特拉迪瓦尔 演奏 音乐
7	🪕	banjo	music stringed	班卓琴	弦乐器 弹奏 音乐
7	🥁	drum	drumsticks music	鼓	音乐 鼓声 鼓槌
7	🪘	long drum	beat conga drum instrument long rhythm	长鼓	乐器 康加鼓 康茄鼓 敲 节奏 非洲手鼓 鼓
7	🪇	maracas	cha dance instrument music party percussion rattle shake shaker	沙球	乐器 恰恰 打击乐器 拨浪鼓 摇 摇动 沙槌 沙铃 派对 舞蹈 音乐
7	🪈	flute	band fife flautist instrument marching music orchestra piccolo pipe recorder woodwind	长笛	乐器 乐队 木管乐器 横笛 短笛 竖笛 管乐器 菲菲笛 长笛手 音乐
7	📱	mobile phone	cell communication mobile phone telephone	手机	手提电话 智能手机 电话 移动 移动电话 移动通信 通信
7	📲	mobile phone with arrow	arrow build call cell communication mobile phone receive telephone	带有箭头的手机	手机 接收 智能手机 来电 电话 移动电话 箭头 通信
7	☎️	telephone	phone	电话	固定电话 固话 座机
7	📞	telephone receiver	communication phone receiver telephone voip	电话听筒	听筒 固定电话 固话 座机 电话 通信
7	📟️	pager	communication	寻呼机	bb 机 传呼机 呼机 通信
7	📠	fax machine	communication fax machine	传真机	传真 传真号 发传真
7	🔋	battery	battery	电池	正极 电 电极 电源 蓄电池 负极
7	🪫	low battery	battery drained electronic energy low power	电池电量不足	低能量 电子 电池 电池电量低 电量不足
7	🔌	electric plug	electric electricity plug	电源插头	插头 电插头 电源 电线
7	💻️	laptop	computer office pc personal	笔记本电脑	pc 个人电脑 手提电脑 电脑
7	🖥️	desktop computer	computer desktop monitor	台式电脑	pc 个人电脑 台式 显示器 显示屏 电脑 计算机
7	🖨️	printer	computer	打印机	印刷机 喷墨打印 复印 打印 扫描 激光打印
7	⌨️	keyboard	computer	键盘	打字 按键 电脑 输入
7	🖱️	computer mouse	computer mouse	电脑鼠标	有线鼠标 激光鼠标 点击 点按 电脑 鼠标
7	🖲️	trackball	computer	轨迹球	有线鼠标 电脑 追踪球 鼠标
7	💽	computer disk	computer disk minidisk optical	电脑光盘	md minidisk mini光盘 光盘 电脑 迷你光盘 迷你光碟 迷你唱片
7	💾	floppy disk	computer disk floppy	软盘	3.5英寸 便携 存储 电脑 磁盘
7	💿️	optical disk	blu-ray cd computer disk dvd optical	光盘	cd 专辑 存储 影片 蓝光 音乐
7	📀	dvd	blu-ray cd computer disk optical	DVD	dvd 光盘 光碟 影片 电脑 蓝光 音乐
7	🧮	abacus	calculation calculator	算盘	计算 计算器
7	🎥	movie camera	bollywood camera cinema film hollywood movie record	电影摄影机	录像 摄像机 摄录机 摄影 摄影机 电影
7	🎞️	film frames	cinema film frames movie	影片帧	帧 电影 电影胶卷 电影胶片 胶卷 胶片
7	📽️	film projector	cinema film movie projector video	电影放映机	影片 投影仪 放映机 电影 视频
7	🎬️	clapper board	action board clapper movie	场记板	场记 打板 拍电影
7	📺️	television	tv video	电视机	电视 看电视 节目 视频
7	📷️	camera	photo selfie snap tbt trip video	相机	卡片相机 拍照 摄影 照片 照相机 自拍
7	📸	camera with flash	camera flash video	开闪光灯的相机	带闪光灯的相机 拍照 相机 闪光灯 闪光灯打开
7	📹️	video camera	camcorder camera tbt video	摄像机	录像 录像机 录影 拍摄 摄影机 视频
7	📼	videocassette	old school tape vcr vhs video	录像带	vhs 录影带 磁带
7	🔍️	magnifying glass tilted left	glass lab left left-pointing magnifying science search tilted tool	左斜的放大镜	工具 搜索 放大 放大镜 查找
7	🔎	magnifying glass tilted right	contact glass lab magnifying right right-pointing science search tilted tool	右斜的放大镜	工具 搜索 放大 放大镜 查找
7	🕯️	candle	light	蜡烛	光 烛光 烛火 照明 燃烧
7	💡	light bulb	bulb comic electric idea light	灯泡	主意 想法 点子 电 电灯泡 白炽灯
7	🔦	flashlight	electric light tool torch	手电筒	光 工具 手电 照明 电筒
7	🏮	red paper lantern	bar lantern light paper red restaurant	红灯笼	光 喜庆 居酒屋 日本 灯笼 节日 酒馆 餐馆
7	🪔	diya lamp	diya lamp light oil	印度油灯	排灯节 油 灯 迪亚
7	📔	notebook with decorative cover	book cover decorated decorative education notebook school writing	精装笔记本	书 写作 学校 封面 教育 笔记本
7	📕	closed book	book closed education	合上的书本	书 书本 书本合起 合上
7	📖	open book	book education fantasy knowledge library novels open reading	打开的书本	书 书本 图书馆 小说 开卷 打开 知识 读书 阅读
7	📗	green book	book education fantasy green library reading	绿色书本	书 书本 图书馆 教育 绿 绿皮书 绿色 阅读
7	📘	blue book	blue book education fantasy library reading	蓝色书本	书 书本 图书馆 教育 篮 蓝皮书 蓝色 阅读
7	📙	orange book	book education fantasy library orange reading	橙色书本	书 书本 图书馆 教育 橘皮书 橘色 橙色 阅读
7	📚️	books	book education fantasy knowledge library novels reading school study	书	书本 书籍 图书 图书馆 学习 学校 小说 教育 知识 阅读
7	📓	notebook	notebook	笔记本	日记本 本子 笔记 记事本 记录
7	📒	ledger	notebook	账本	笔记本 记事本 记账 账簿
7	📃	page with curl	curl document page paper	带卷边的页面	卷曲 卷边 文书 文件 文档 纸张 页面
7	📜	scroll	paper	卷轴	卷纸 画卷 纸 纸卷 羊皮纸
7	📄	page facing up	document facing page paper up	文件	文书 文档 页面向上
7	📰	newspaper	communication news paper	报纸	传播 报道 新闻 看报 纸 读报
7	🗞️	rolled-up newspaper	news newspaper paper rolled rolled-up	报纸卷	卷起 卷起的报纸 报纸 新闻 纸
7	📑	bookmark tabs	bookmark mark marker tabs	标签页	书签 书签页标签 有书签的页面 标签
7	🔖	bookmark	mark	书签	标签 读书 阅读
7	🏷️	label	tag	标签	吊牌 标记 行李牌
7	💰️	money bag	bag bank bet billion cash cost dollar gold million money moneybag paid paying pot rich win	钱袋	付钱 十亿 变现 守财奴 富有 有钱 现金 百万 美元 赌钱 赢钱 钱 钱包 银行
7	🪙	coin	dollar euro gold metal money rich silver treasure	硬币	富有 欧元 美元 财富 金 金属 金币 钱 银
7	💴	yen banknote	bank banknote bill currency money note yen	日元	日币 现金 纸币 货币 钞票 钱 银行
7	💵	dollar banknote	bank banknote bill currency dollar money note	美元	现金 纸币 美刀 美钞 货币 钱 银行
7	💶	euro banknote	100 bank banknote bill currency euro money note rich	欧元	现金 纸币 货币 钞票 钱 银行
7	💷	pound banknote	bank banknote bill billion cash currency money note pound pounds	英镑	现金 纸币 货币 钞票 钱 银行
7	💸	money with wings	bank banknote bill billion cash dollar fly million money note pay wings	长翅膀的钱	纸币 翅膀 花钱 钱 飞
7	💳️	credit card	bank card cash charge credit money pay	信用卡	信用 借记卡 刷卡 卡 收钱 现金 现金卡 贷记卡 银行 银行卡
7	🧾	receipt	accounting bookkeeping evidence invoice proof	收据	会计 信封 凭据 发票 收条 簿记 记账 证据 证明 账单
7	💹	chart increasing with yen	bank chart currency graph growth increasing market money rise trend upward yen	趋势向上且带有日元符号的图表	上扬 上涨 日元 日元升值 日元汇率 日币 货币 货币升值图表 走势
7	✉️	envelope	e-mail email letter	信封	信件 信息 来信 电子邮件 电邮 邮件
7	📧	e-mail	email letter mail	电子邮件	信件 信封 电邮 邮件
7	📨	incoming envelope	delivering e-mail email envelope incoming letter mail receive sent	来信	信件 信封 发送 接收 收信 收到来信 收到邮件 电子邮件 电邮 邮件
7	📩	envelope with arrow	arrow communication down e-mail email envelope letter mail outgoing send sent	收邮件	信件 信封 发信 发出 发送 发邮件 有箭头的信封 邮件
7	📤️	outbox tray	box email letter mail outbox sent tray	发件箱	信件 发信 发送 发邮件 收件箱 电子邮件 电邮 邮件
7	📥️	inbox tray	box email inbox letter mail receive tray zero	收件箱	信件 接收 收信 收到邮件 电子邮件 电邮 邮件
7	📦️	package	box communication delivery parcel shipping	包裹	快递 指向 盒子 箱子 装货 运送
7	📫️	closed mailbox with raised flag	closed communication flag mail mailbox postbox raised	有待收信件	信箱 旗标 有新信件 邮箱 邮箱关闭红旗升起
7	📪️	closed mailbox with lowered flag	closed flag lowered mail mailbox postbox	无待收信件	信箱 信箱关闭红旗放下 放下 旗标 无新信件
7	📬️	open mailbox with raised flag	flag mail mailbox open postbox raised	有新信件	信箱 信箱打开红旗升起 打开 旗标 有待收信件
7	📭️	open mailbox with lowered flag	flag lowered mail mailbox open postbox	无新信件	信箱 信箱打开 信箱打开红旗放下 旗标 无待收信件 邮件 邮递
7	📮	postbox	mail mailbox	邮筒	信 信箱 寄信 邮箱
7	🗳️	ballot box with ballot	ballot box	投票箱	投票 盒子 票箱 选举 选票
7	✏️	pencil	pencil	铅笔	橡皮 橡皮擦 画画 画笔 笔 绘画
7	✒️	black nib	black nib pen	钢笔尖	写字 硬笔 笔 笔尖 钢笔 黑色笔尖
7	🖋️	fountain pen	fountain pen	钢笔	写字 硬笔 笔
7	🖊️	pen	ballpoint	笔	原子笔 圆珠笔 油笔
7	🖌️	paintbrush	painting	画笔	刷 毛笔 画刷 笔刷
7	🖍️	crayon	crayon	蜡笔	油画棒 画棒
7	📝	memo	communication media notes pencil	备忘录	便条 便条簿 便笺 铅笔
7	💼	briefcase	office	公文包	上班 公事包 办公室 包 手提包 文件
7	📁	file folder	file folder	文件夹	办公 文件 文具 硬纸夹
7	📂	open file folder	file folder open	打开的文件夹	办公 打开 打开文件夹 文件 文件夹 文具
7	🗂️	card index dividers	card dividers index	索引分隔文件夹	分隔 分隔卡 文件夹 索引 隔板
7	📅	calendar	date	日历	日期
7	📆	tear-off calendar	calendar tear-off	手撕日历	日历 日期
7	🗒️	spiral notepad	note notepad pad spiral	线圈本	文具 笔记本 线圈 记事本
7	🗓️	spiral calendar	calendar pad spiral	线圈日历	日历 日期 线圈 记事本
7	📇	card index	card index old rolodex school	卡片索引	卡片 卡牌索引 名片索引 目录 索引
7	📈	chart increasing	chart data graph growth increasing right trend up upward	趋势向上的图表	上升 上涨 上涨图表 上涨趋势线 向上 图表 成长 趋势线
7	📉	chart decreasing	chart data decreasing down downward graph negative trend	趋势向下的图表	下跌 下跌图表 下跌趋势线 下降 向下 图表 趋势线
7	📊	bar chart	bar chart data graph	条形图	图形 图表 柱形图 直方图 资料 长条图
7	📋️	clipboard	do list notes	剪贴板	写字夹板 写字板 剪贴簿 夹子 待办事项 待办表 纸张
7	📌	pushpin	collage pin	图钉	固定 拼贴 按钉
7	📍	round pushpin	location map pin pushpin round	圆图钉	位置 固定 图钉
7	📎	paperclip	paperclip	回形针	万字夹 回纹针 曲别针 纸夹
7	🖇️	linked paperclips	link linked paperclip paperclips	连起来的两个回形针	万字夹 回形针 回纹针 曲别针 纸夹 连接 连接的回形针
7	📏	straight ruler	angle edge math ruler straight straightedge	直尺	尺 尺子 数学 文具 测量 量 长度
7	📐	triangular ruler	angle math rule ruler set slide triangle triangular	三角尺	三角 尺 数学 文具 测量 角 角度
7	✂️	scissors	cut cutting paper tool	剪刀	修剪 剪 剪子 剪裁 工具
7	🗃️	card file box	box card file	卡片盒	卡片 存档 文件 标签 档案 箱 索引
7	🗄️	file cabinet	cabinet file filing paper	文件柜	存档 归档 收纳 柜 档案
7	🗑️	wastebasket	can garbage trash waste	垃圾桶	垃圾 垃圾篓 废纸篓
7	🔒️	locked	closed lock private	合上的锁	上锁 私密 锁 锁住 锁头 锁定
7	🔓️	unlocked	cracked lock open unlock	打开的锁	取消锁定 开锁 打开 破解 解锁 锁
7	🔏	locked with pen	ink lock locked nib pen privacy	墨水笔和锁	笔 笔尖 钢笔 锁 隐私
7	🔐	locked with key	bike closed key lock locked secure	钥匙和锁	安全 脚踏车锁 钥匙 锁 锁上
7	🔑	key	keys lock major password unlock	钥匙	密码 密钥 开锁 解锁 锁
7	🗝️	old key	clue key lock old	老式钥匙	古老的钥匙 旧钥匙 线索 钥匙
7	🔨	hammer	home improvement repairs tool	锤子	修理 家居修缮 工具 敲 施工 砸 铁锤
7	🪓	axe	ax chop hatchet split wood	斧头	切 劈 木头 砍
7	⛏️	pick	hammer mining tool	铁镐	工具 挖 挖掘 采矿 锄头 鹤嘴锄
7	⚒️	hammer and pick	hammer pick tool	锤子与镐	工具 铁锤 铁镐 锤子 镐 镐子
7	🛠️	hammer and wrench	hammer spanner tool wrench	锤子与扳手	工具 扳手 铁锤 锤子
7	🗡️	dagger	knife weapon	匕首	剑 武器 短刀 短剑
7	⚔️	crossed swords	crossed swords weapon	交叉放置的剑	交叉 剑 十字 双剑 战死 武器
7	💣️	bomb	boom comic dangerous explosion hot	炸弹	爆炸
7	🪃	boomerang	rebound repercussion weapon	回旋镖	反弹 回弹 土著 武器 飞镖
7	🏹	bow and arrow	archer archery arrow bow sagittarius tool weapon zodiac	弓和箭	人马座 射手 射手座 射箭 弓 弓箭 箭
7	🛡️	shield	weapon	盾牌	武器 盾 防御
7	🪚	carpentry saw	carpenter carpentry cut lumber saw tool trim	木工锯	修剪 工具 木匠 木材 锯 锯子
7	🔧	wrench	home improvement spanner tool	扳手	家居修缮 工具 螺丝扳手
7	🪛	screwdriver	flathead handy screw tool	螺丝刀	工具 螺丝
7	🔩	nut and bolt	bolt home improvement nut tool	螺母与螺栓	工具 螺丝 螺帽 螺栓 螺母 螺钉
7	⚙️	gear	cog cogwheel tool	齿轮	传动 工具 机械 零件
7	🗜️	clamp	compress tool vice	夹钳	压缩 夹具 工具 机械 紧固
7	⚖️	balance scale	balance justice libra scale scales tool weight zodiac	天平	公平 公正 天秤 天秤座 星座 正义 法律
7	🦯	white cane	accessibility blind cane probing white	盲杖	拐杖 无障碍 盲 盲人
7	🔗	link	links	链接	网址 链条 锁链
7	⛓️	chains	chain	链条	铁链 链 锁链
7	🪝	hook	catch crook curve ensnare point selling	挂钩	卖点 弯钩 抓 曲线 钩子 钩状物 鱼钩
7	🧰	toolbox	box chest mechanic red tool	工具箱	大箱子 工具 机修 箱子 红盒子
7	🧲	magnet	attraction horseshoe magnetic negative positive shape u	磁铁	u 型 吸引 吸引力 正负 磁性 马蹄铁
7	🪜	ladder	climb rung step	梯子	台阶 梯级 横档 爬 爬梯 阶梯
7	⚗️	alembic	chemistry tool	蒸馏器	净化 化学 实验 工具 蒸馏
7	🧪	test tube	chemist chemistry experiment lab science test tube	试管	化学 化学家 实验 实验室 科学
7	🧫	petri dish	bacteria biologist biology culture dish lab petri	培养皿	培养 实验室 生物学 生物学家 细菌
7	🧬	dna	biologist evolution gene genetics life	DNA	dna 基因 演化 生命 生物学家 进化 遗传学
7	🔬	microscope	experiment lab science tool	显微镜	实验 实验室 工具 生物 科学 细胞
7	🔭	telescope	contact extraterrestrial science tool	望远镜	外星人 天体 天文 天文学 工具 接触 科学 观星
7	📡	satellite antenna	aliens antenna contact dish satellite science	卫星天线	信号接收 卫星 卫星接收天线 卫星碟形天线 外星人 天线 接触
7	💉	syringe	doctor flu medicine needle shot sick tool vaccination	注射器	医学 医生 工具 打针 接种 治疗 疫苗 药 针头 针筒
7	🩸	drop of blood	bleed blood donation drop injury medicine menstruation	血滴	医疗 月经 流血 献血 经血 输血
7	💊	pill	doctor drugs medicated medicine pills sick vitamin	药丸	医生 吃药 治疗 生病 用药 维他命 药 药物
7	🩹	adhesive bandage	adhesive bandage	创可贴	ok绷 伤口 受伤 绷带 胶布
7	🩼	crutch	aid cane disability help hurt injured mobility stick	拐杖	受伤 手杖 残疾 活动助行类辅具 辅助
7	🩺	stethoscope	doctor heart medicine	听诊器	医生 医疗 心脏 心跳 诊断
7	🩻	x-ray	bones doctor medical skeleton skull xray	X射线	x 射线 x射线 医生 医疗 骨架 骨骼
7	🚪	door	back closet front	门	出入口 前门 后门 大门 屋门 房门 房间
7	🛗	elevator	accessibility hoist lift	电梯	升降机 可达性
7	🪞	mirror	makeup reflection reflector speculum	镜子	化妆 反射 反射镜 窥镜
7	🪟	window	air frame fresh opening transparent view	窗户	开窗 新鲜空气 景色 窗口 窗框 透明
7	🛏️	bed	hotel sleep	床	宾馆 床垫 床铺 睡 睡眠 睡觉
7	🛋️	couch and lamp	couch hotel lamp	沙发和灯	家 沙发 灯 阅读
7	🪑	chair	seat sit	椅子	坐 坐下 座位 椅背
7	🚽	toilet	bathroom	马桶	wc 卫生间 厕所 洗手间
7	🪠	plunger	cup force plumber poop suction toilet	活塞	便便 吸力 搋子 水管工 通厕所 马桶
7	🚿	shower	water	淋浴	喷头 喷水 水 洗澡 花洒 花洒
7	🛁	bathtub	bath	浴缸	沐浴 泡沫浴 泡澡 洗澡 浴盆 澡盆
7	🪤	mouse trap	bait cheese lure mouse mousetrap snare trap	捕鼠器	奶酪 老鼠夹 诱饵 陷进 陷阱
7	🪒	razor	sharp shave	剃须刀	刀 刮 刮刀 剃刀 毛 胡子 锋利
7	🧴	lotion bottle	bottle lotion moisturizer shampoo sunscreen	乳液瓶	乳液 保湿乳液 护肤霜 洗剂瓶 洗发水 洗发露 防嗮霜 防晒霜
7	🧷	safety pin	diaper pin punk rock safety	安全别针	别针 扣针
7	🧹	broom	cleaning sweeping witch	扫帚	女巫 巫婆 打扫 扫地 清洁
7	🧺	basket	farming laundry picnic	筐	农作 洗衣 种植 篮子 脏衣篮 野餐
7	🧻	roll of paper	paper roll toilet towels	卷纸	卫生纸 手纸 纸卷 纸巾
7	🪣	bucket	cask pail vat	桶	大桶 木桶 水桶 缸
7	🧼	soap	bar bathing clean cleaning lather soapdish	皂	杀菌 泡沫 洗手 洗澡 清洁 肥皂 肥皂泡 肥皂盒 肥皂盘
7	🫧	bubbles	bubble burp clean floating pearl soap underwater	气泡	打嗝 水下 泡泡 清洁 漂浮 珍珠状 肥皂 肥皂泡
7	🪥	toothbrush	bathroom brush clean dental hygiene teeth toiletry	牙刷	刷 刷子 卫生 情节 洗漱 浴室 清洁 牙科 牙齿
7	🧽	sponge	absorbing cleaning porous soak	海绵	吸收 吸水 多孔 浸泡 清洁 渗透
7	🧯	fire extinguisher	extinguish extinguisher fire quench	灭火器	压制 火灾 灭火 熄灭
7	🛒	shopping cart	cart shopping trolley	购物车	手推车 购物 采购
7	🚬	cigarette	smoking	香烟	卷烟 吸烟 抽烟 烟 烟草
7	⚰️	coffin	dead death vampire	棺材	埋葬 死亡 灵柩 葬礼 陵墓
7	🪦	headstone	cemetery dead grave graveyard memorial rip tomb tombstone	墓碑	公墓 坟墓 墓园 墓地 安息 死亡 纪念
7	⚱️	funeral urn	ashes death funeral urn	骨灰缸	丧礼 死亡 瓮 缸 葬礼 骨灰 骨灰罐
7	🧿	nazar amulet	amulet bead blue charm evil-eye nazar talisman	纳扎尔护身符	小装饰品 恶魔之眼 护身符 珠子 符咒 纳扎尔 蓝色 邪眼
7	🪬	hamsa	amulet fatima fortune guide hand mary miriam palm protect protection	法蒂玛之手	保护 好运 手 手掌 护身符 法蒂玛 玛丽 米里亚姆
7	🗿	moai	face moyai statue stoneface travel	摩埃	复活岛 复活节岛 复活节岛石像 摩艾 摩艾石像 旅行 毛埃 脸
7	🪧	placard	card demonstration notice picket plaque protest sign	标语牌	告示 布告 标志 标牌 标语 海报 示威 纠察队标语牌 警戒哨
7	🪪	identification card	card credentials document id identification license security	身份证	id 凭证 安全 执照 证件
8	🏧	ATM sign	atm automated bank cash money sign teller	取款机	atm 提款机 柜员机 标识 银行
8	🚮	litter in bin sign	bin litter litterbin sign	倒垃圾	垃圾丢弃处 垃圾入篓 垃圾桶
8	🚰	potable water	drinking potable water	饮用水	可以喝的 喝水 接水 水 水龙头
8	♿️	wheelchair symbol	access handicap symbol wheelchair	轮椅标识	无障碍 残疾 残障 轮椅 轮椅符号
8	🚹️	men’s room	bathroom lavatory man men’s restroom room toilet wc	男厕	卫生间 厕所 洗手间 男士
8	🚺️	women’s room	bathroom lavatory restroom room toilet wc woman women’s	女厕	卫生间 厕所 女士 洗手间
8	🚻	restroom	bathroom lavatory toilet wc	卫生间	wc 厕所 洗手间
8	🚼️	baby symbol	baby changing symbol	宝宝	婴儿 换尿片 母婴室
8	🚾	water closet	bathroom closet lavatory restroom toilet water wc	厕所	卫生间 洗手间 盥洗室
8	🛂	passport control	control passport	护照检查	安检 护照 检查 通行证
8	🛃	customs	packing	海关	行李打包
8	🛄	baggage claim	arrived baggage bags case checked claim journey packing plane ready travel trip	提取行李	提取 旅行 行李
8	🛅	left luggage	baggage case left locker luggage	寄存行李	储物柜 寄存 行李
8	⚠️	warning	caution	警告	小心
8	🚸	children crossing	child children crossing pedestrian traffic	儿童过街	交通 安全 指示牌 行人
8	⛔️	no entry	do entry fail forbidden no not pass prohibited traffic	禁止通行	交通 禁止入内 禁行 请勿入内 请勿驶入
8	🚫	prohibited	entry forbidden no not smoke	禁止	不准 不许 严禁 禁入 禁行 阻止
8	🚳	no bicycles	bicycle bicycles bike forbidden no not prohibited	禁止自行车	严禁 交通 禁止 禁行自行车 自行车 非机动车
8	🚭️	no smoking	forbidden no not prohibited smoke smoking	禁止吸烟	严禁 吸烟 抽烟 禁止 禁烟
8	🚯	no littering	forbidden litter littering no not prohibited	禁止乱扔垃圾	严禁 垃圾 禁丢垃圾 禁止
8	🚱	non-potable water	dry non-drinking non-potable prohibited water	非饮用水	水 禁止用水 节约用水 非直饮水
8	🚷	no pedestrians	forbidden no not pedestrian pedestrians prohibited	禁止行人通行	严禁 行人
8	📵	no mobile phones	cell forbidden mobile no not phone phones prohibited telephone	禁止使用手机	严禁 手机 电话 禁止
8	🔞	no one under eighteen	18 age eighteen forbidden no not one prohibited restriction underage	18禁	儿童不宜 未成年人不宜 禁止
8	☢️	radioactive	sign	辐射	放射性 标识
8	☣️	biohazard	sign	生物危害	动物 当心感染 污染 警告
8	⬆️	up arrow	arrow cardinal direction north up	向上箭头	上 北 方位 方向 标识 箭头
8	↗️	up-right arrow	arrow direction intercardinal northeast up-right	右上箭头	东北 右上 方位 方向 标识 箭头
8	➡️	right arrow	arrow cardinal direction east right	向右箭头	东 右 方向 标识 箭头
8	↘️	down-right arrow	arrow direction down-right intercardinal southeast	右下箭头	东南 右下 方位 方向 标识 箭头
8	⬇️	down arrow	arrow cardinal direction down south	向下箭头	南 向下 基本 方位 正南 箭头
8	↙️	down-left arrow	arrow direction down-left intercardinal southwest	左下箭头	左下 方向 标识 箭头 西南
8	⬅️	left arrow	arrow cardinal direction left west	向左箭头	左 方向 标识 箭头 西
8	↖️	up-left arrow	arrow direction intercardinal northwest up-left	左上箭头	左上 方向 标识 箭头 西北
8	↕️	up-down arrow	arrow up-down	上下箭头	上下 箭头
8	↔️	left-right arrow	arrow left-right	左右箭头	左右 箭头
8	↩️	right arrow curving left	arrow curving left right	右转弯箭头	右转弯 向左弯曲的右箭头 箭头
8	↪️	left arrow curving right	arrow curving left right	左转弯箭头	向右弯曲的左箭头 左转弯 箭头
8	⤴️	right arrow curving up	arrow curving right up	右上弯箭头	右上弯 向上弯曲的右箭头 箭头
8	⤵️	right arrow curving down	arrow curving down right	右下弯箭头	右下弯 向下弯曲的右箭头 箭头
8	🔃	clockwise vertical arrows	arrow arrows clockwise refresh reload vertical	顺时针垂直箭头	刷新 垂直顺时针箭头 方向 标识 箭头 重新载入 顺时针 顺时针箭头
8	🔄	counterclockwise arrows button	again anticlockwise arrow arrows button counterclockwise deja refresh rewindershins vu	逆时针箭头按钮	倒转 再次 刷新 箭头 逆时针 逆时针箭头
8	🔙	BACK arrow	arrow back	返回箭头	回退 箭头 返回
8	🔚	END arrow	arrow end	结束箭头	箭头 终点 结束
8	🔛	ON! arrow	arrow mark on!	ON! 箭头	on on! 箭头 开始 标识 箭头
8	🔜	SOON arrow	arrow brb omw soon	SOON 箭头	soon 箭头 在路上 立刻回来 箭头 马上
8	🔝	TOP arrow	arrow homie top up	置顶	向上 标识 顶
8	🛐	place of worship	place pray religion worship	宗教场所	地点 宗教 崇拜 敬神 礼拜 祈祷
8	⚛️	atom symbol	atheist atom symbol	原子符号	原子 无神论 物质
8	🕉️	om	hindu religion	奥姆	印度 印度教 唵 宗教
8	✡️	star of David	david jew jewish judaism religion star	六芒星	六角星 大卫之星 大卫星 宗教 犹太 犹太教
8	☸️	wheel of dharma	buddhist dharma religion wheel	法轮	佛 宗教 舵 轮盘 达摩
8	☯️	yin yang	difficult lives religion tao taoist total yang yin yinyang	阴阳	太极 宗教 道 道教 阳 阴
8	✝️	latin cross	christ christian cross latin religion	十字架	基督 天主教 宗教
8	☦️	orthodox cross	christian cross orthodox religion	东正教十字架	东正教 十字架 基督 宗教 正教会十字
8	☪️	star and crescent	crescent islam muslim ramadan religion star	星月	伊斯兰 宗教 斋戒月 穆斯林
8	☮️	peace symbol	healing peace peaceful symbol	和平符号	和平
8	🕎	menorah	candelabrum candlestick hanukkah jewish judaism religion	烛台	光明节 宗教 灯台 犹太 犹太教
8	🔯	dotted six-pointed star	dotted fortune jewish judaism six-pointed star	带中间点的六芒星	六芒星 六芒星加圆点 六角星 命运 犹太 犹太教
8	🪯	khanda	deg fateh khalsa religion sikh sikhism tegh	坎达	信仰 卡尔萨 善业与佩剑得胜 坎达长剑 宗教 锡克 锡克教 锡克教徒
8	♈️	Aries	aries horoscope ram zodiac	白羊座	公羊 星座 牡羊座
8	♉️	Taurus	bull horoscope ox taurus zodiac	金牛座	公牛 星座 金牛
8	♊️	Gemini	gemini horoscope twins zodiac	双子座	双子 孪生子 星座
8	♋️	Cancer	cancer crab horoscope zodiac	巨蟹座	巨蟹 星座 螃蟹
8	♌️	Leo	horoscope leo lion zodiac	狮子座	星座 雄狮
8	♍️	Virgo	horoscope virgo zodiac	处女座	室女座 星座 黄道十二宫
8	♎️	Libra	balance horoscope justice libra scales zodiac	天秤座	平衡 星座 正义
8	♏️	Scorpio	horoscope scorpio scorpion scorpius zodiac	天蝎座	天蝎 星座 蝎子
8	♐️	Sagittarius	archer horoscope sagittarius zodiac	射手座	人马座 射手 弓箭手 星座
8	♑️	Capricorn	capricorn goat horoscope zodiac	摩羯座	天宫图 山羊 摩羯 星座
8	♒️	Aquarius	aquarius bearer horoscope water zodiac	水瓶座	星座 水
8	♓️	Pisces	fish horoscope pisces zodiac	双鱼座	双鱼 星座 鱼
8	⛎️	Ophiuchus	bearer ophiuchus serpent snake zodiac	蛇夫座	星座 蛇 蛇夫
8	🔀	shuffle tracks button	arrow button crossed shuffle tracks	随机播放音轨按钮	交叉 打乱 随机 随机播放
8	🔁	repeat button	arrow button clockwise repeat	重复按钮	循环 循环播放 箭头 顺时针
8	🔂	repeat single button	arrow button clockwise once repeat single	重复一次按钮	单曲循环 循环 箭头 顺时针
8	▶️	play button	arrow button play right triangle	播放按钮	三角 右 向右 播放 箭头
8	⏩️	fast-forward button	arrow button double fast fast-forward forward	快进按钮	双箭头 向前 快进 快速
8	⏭️	next track button	arrow button next scene track triangle	下一个音轨按钮	三角 下一个 下一曲 下一首 往后 箭头
8	⏯️	play or pause button	arrow button pause play right triangle	播放或暂停按钮	三角 向右 播放 播放或暂停 暂停
8	◀️	reverse button	arrow button left reverse triangle	倒退按钮	三角 倒转 后退 向左 左
8	⏪️	fast reverse button	arrow button double fast reverse rewind	快退按钮	倒回 双箭头 快退 快速倒带
8	⏮️	last track button	arrow button last previous scene track triangle	上一个音轨按钮	三角 上一个 上一曲 上一首 箭头
8	🔼	upwards button	arrow button red up upwards	向上三角形按钮	上 向上 向上按钮 往上 箭头
8	⏫️	fast up button	arrow button double fast up	快速上升按钮	上 双箭头 向上 快速向上
8	🔽	downwards button	arrow button down downwards red	向下三角形按钮	下 向下 向下按钮 往下 箭头
8	⏬️	fast down button	arrow button double down fast	快速下降按钮	下 双箭头 向下 快速向下
8	⏸️	pause button	bar button double pause vertical	暂停按钮	停止 双条形 暂停
8	⏹️	stop button	button square stop	停止按钮	停止 方形 正方形 终止
8	⏺️	record button	button circle record	录制按钮	制作 圆 录像 录制 录音
8	⏏️	eject button	button eject	推出按钮	向上三角 弹出
8	🎦	cinema	camera film movie	电影院	剧院 场所 影片 摄影机 电影
8	🔅	dim button	brightness button dim low	低亮度按钮	亮度 低 低亮度 昏暗 暗
8	🔆	bright button	bright brightness button light	高亮度按钮	亮 亮度 太阳 明亮 高亮度
8	📶	antenna bars	antenna bar bars cell communication mobile phone signal telephone	信号强度条	信号 天线 强度 手机 条
8	🛜	wireless	broadband computer connectivity hotspot internet network router smartphone wi-fi wifi wlan	无线	wi-fi wlan 互联网 宽带 智能手机 热点 电脑 网络 计算机 连接
8	📳	vibration mode	cell communication mobile mode phone telephone vibration	振动模式	手机 振动 震动
8	📴	mobile phone off	cell mobile off phone telephone	手机关机	关机 关闭 关闭手机 手机
8	♀️	female sign	female sign woman	女性符号	符号 雌性
8	♂️	male sign	male man sign	男性符号	符号 雄性
8	⚧️	transgender symbol	symbol transgender	跨性别符号	跨性别
8	✖️	multiply	cancel multiplication sign x ×	乘	x 乘号 取消 相乘 符号
8	➕️	plus	+	加	加号 十字 数学 相加 符号
8	➖️	minus	- heavy math sign −	减	减号 数学 横线 符号
8	➗️	divide	division heavy math sign ÷	除	数学 相除 符号 除号
8	🟰	heavy equals sign	answer equal equality equals heavy math sign	粗等号	回答 平等 数学 相等 等于 等号 答案
8	♾️	infinity	forever unbounded universal	无穷大	宇宙 无尽 极大
8	‼️	double exclamation mark	! !! bangbang double exclamation mark punctuation	双感叹号	两个 双叹号 叹号 吃惊 标点符号 ！ ！！
8	⁉️	exclamation question mark	! !? ? exclamation interrobang mark punctuation question	感叹疑问号	叹号 叹号加问号 吃惊 标点符号 疑问惊叹号 问号 ！ ！？ ？
8	❓️	red question mark	? mark punctuation question red	红色问号	为什么 标点 标点符号 疑问 问号
8	❔️	white question mark	? mark outlined punctuation question white	白色问号	为什么 标点符号 空心 空心问号 问号 问题 ？
8	❕️	white exclamation mark	! exclamation mark outlined punctuation white	白色感叹号	叹号 吃惊 标点符号 白色叹号 空心 空心叹号 ！
8	❗️	red exclamation mark	! exclamation mark punctuation red	红色感叹号	叹号 吃惊 惊讶 感叹 感叹号 标点符号 ！
8	〰️	wavy dash	dash punctuation wavy	波浪型破折号	标点符号 波浪线 浪花 象声号
8	💱	currency exchange	bank currency exchange money	货币兑换	兑换 外汇 换汇 汇率 流通 银行
8	💲	heavy dollar sign	billion cash charge currency dollar heavy million money pay sign	粗美元符号	现金 美元 美元符号 美刀 货币 金钱
8	⚕️	medical symbol	aesculapius medical medicine staff symbol	医疗标志	医学 医疗 蛇杖 阿斯克勒庇俄斯 阿斯克勒庇俄斯蛇杖
8	♻️	recycling symbol	recycle recycling symbol	回收标志	再利用 再生 回收 循环
8	⚜️	fleur-de-lis	knights	百合花饰	鸢尾花
8	🔱	trident emblem	anchor emblem poseidon ship tool trident	三叉戟徽章	三叉戟 工具 波塞冬 船 锚
8	📛	name badge	badge name	姓名牌	名牌 徽章 胸牌 证章
8	🔰	Japanese symbol for beginner	beginner chevron green japanese leaf symbol tool yellow	日本新手驾驶标志	v 型臂章 v形图案 人字形图记 军警 叶状 实习 新手 箭尾
8	⭕️	hollow red circle	circle heavy hollow large o red	红色空心圆圈	0 o形 圆圈 大 大圆圈 红 零
8	✅️	check mark button	button check checked checkmark complete completed done fixed mark tick ✓	勾号按钮	勾 勾号 完成 打勾 按钮 绿色打勾
8	☑️	check box with check	ballot box check checked done off tick ✓	勾选框	做好 勾号 勾选 复选框 带勾方格 打勾 搞定 选票
8	✔️	check mark	check checked checkmark done heavy mark tick ✓	勾号	对勾 打勾 正确 符号
8	❌️	cross mark	cancel cross mark multiplication multiply x ×	叉号	x 乘 交叉 取消 相乘 符号
8	❎️	cross mark button	button cross mark multiplication multiply square x ×	叉号按钮	乘 乘号 叉 取消 方形
8	➰️	curly loop	curl curly loop	卷曲环	单环 日本单环标志 标志
8	➿️	double curly loop	curl curly double loop	双卷曲环	免费电话 双环 日本免费电话标志 标志
8	〽️	part alternation mark	alternation mark part	庵点	开始歌唱 歌记号 符号
8	✳️	eight-spoked asterisk	* asterisk eight-spoked	八轮辐星号	八芒星 星号
8	✴️	eight-pointed star	* eight-pointed star	八角星	星 符号
8	❇️	sparkle	*	火花	烟火 闪光 闪耀
8	©️	copyright	c	版权	版权
8	®️	registered	r	注册	注册标记
8	™️	trade mark	mark tm trade trademark	商标	产品 标志
8	#️⃣	keycap: #	keycap	按键: #	按键
8	*️⃣	keycap: *	keycap	按键: *	按键
8	0️⃣	keycap: 0	keycap	按键: 0	按键
8	1️⃣	keycap: 1	keycap	按键: 1	按键
8	2️⃣	keycap: 2	keycap	按键: 2	按键
8	3️⃣	keycap: 3	keycap	按键: 3	按键
8	4️⃣	keycap: 4	keycap	按键: 4	按键
8	5️⃣	keycap: 5	keycap	按键: 5	按键
8	6️⃣	keycap: 6	keycap	按键: 6	按键
8	7️⃣	keycap: 7	keycap	按键: 7	按键
8	8️⃣	keycap: 8	keycap	按键: 8	按键
8	9️⃣	keycap: 9	keycap	按键: 9	按键
8	🔟	keycap: 10	keycap	按键: 10	按键
8	🔠	input latin uppercase	abcd input latin letters uppercase	输入大写拉丁字母	abcd 大写字母 大写字母键 字母 打字 拉丁文 输入法
8	🔡	input latin lowercase	abcd input latin letters lowercase	输入小写拉丁字母	abcd 小写字母 小写字母键 打字 拉丁文 输入小写字母 输入法
8	🔢	input numbers	1234 input numbers	输入数字	1234 打字 数字
8	🔣	input symbols	% & input symbols ♪ 〒	输入符号	字符 打字 符号
8	🔤	input latin letters	abc alphabet input latin letters	输入拉丁字母	abc 字母 打字 拉丁字母 拉丁字母键 拉丁文 输入字母
8	🅰️	A button (blood type)	blood button type	A型血	a a型血 字母a 按钮 血型 血液
8	🆎	AB button (blood type)	ab blood button type	AB型血	ab ab型血 字母ab 按钮 血型 血液
8	🅱️	B button (blood type)	b blood button type	B型血	b b型血 按钮 血型 血液
8	🆑	CL button	button cl	CL按钮	cl cl按钮 手机 清理 清除
8	🆒	COOL button	button cool	cool按钮	cool 按键 酷
8	🆓	FREE button	button free	免费按钮	free 不收费 免费 按钮 自由
8	ℹ️	information	i	信息	信息中心 查询 资料
8	🆔	ID button	button id identity	ID按钮	id id按钮 按键 识别 身份
8	Ⓜ️	circled M	circle circled m	圆圈包围的M	m 圆圈包围的m 圈 字母 米
8	🆕	NEW button	button new	new按钮	按键 新 新的
8	🆖	NG button	button ng	NG按钮	ng ng按钮 按钮 按键 花絮
8	🅾️	O button (blood type)	blood button o type	O 型血	o o 型血 o型血 字母o 按钮 血型 血液
8	🆗	OK button	button ok okay	OK按钮	ok ok按钮 同意 按键
8	🅿️	P button	button p parking	停车按钮	p 停车 按键 泊车
8	🆘	SOS button	button help sos	SOS按钮	sos sos按钮 按键 救命 求救 求救钮
8	🆙	UP! button	button mark up up!	up按钮	up 向上 按键
8	🆚	VS button	button versus vs	VS按钮	vs vs按钮 对 对决 按键
8	🈁	Japanese “here” button	button here japanese katakana	日文的“这里”按钮	koko 按键 日文 日语 此处 片假名 这里
8	🈂️	Japanese “service charge” button	button charge japanese katakana service	日文的“服务费”按钮	sa 按键 收费 日文 日文sa 日语 服务 服务费 片假名
8	🈷️	Japanese “monthly amount” button	amount button ideograph japanese monthly	日文的“月总量”按钮	按键 日文 日本 月 月度 统计 表意文字
8	🈶	Japanese “not free of charge” button	button charge free ideograph japanese not	日文的“收费”按钮	按键 日文 日本 有 有料 表意文字 要收费 费用
8	🈯️	Japanese “reserved” button	button ideograph japanese reserved	日文的“预留”按钮	保留 指 按键 日文 日本 表意文字 预定 预订
8	🉐	Japanese “bargain” button	bargain button ideograph japanese	日文的“议价”按钮	得 按键 日文 日本 表意文字 讨价还价
8	🈹	Japanese “discount” button	button discount ideograph japanese	日文的“打折”按钮	割 打折 折扣 按键 日文 日本 表意文字
8	🈚️	Japanese “free of charge” button	button charge free ideograph japanese	日文的“免费”按钮	免费 免钱 按键 无 日文 日本 表意文字
8	🈲	Japanese “prohibited” button	button ideograph japanese prohibited	日文的“禁止”按钮	严禁 按键 日文 日本 禁 表意文字
8	🉑	Japanese “acceptable” button	acceptable button ideograph japanese	日文的“可接受”按钮	可 可接受 按键 日文 日本 表意文字 许可
8	🈸	Japanese “application” button	application button ideograph japanese	日文的“申请”按钮	日文 日本 日语 申 申请 申请书 申请表 表意文字
8	🈴	Japanese “passing grade” button	button grade ideograph japanese passing	日文的“合格”按钮	及格 合 按键 日文 日本 表意文字 过关 通过
8	🈳	Japanese “vacancy” button	button ideograph japanese vacancy	日文的“有空位”按钮	日文 日本 日语 有空位 空 空位 空闲 表意文字
8	㊗️	Japanese “congratulations” button	button congratulations ideograph japanese	日文的“祝贺”按钮	庆贺 按键 日文 日本 祝 祝福 祝贺 表意文字
8	㊙️	Japanese “secret” button	button ideograph japanese secret	日文的“秘密”按钮	保密 按键 日文 日本 秘 秘密 表意文字
8	🈺	Japanese “open for business” button	business button ideograph japanese open	日文的“开始营业”按钮	开门 按键 日文 日本 营 营业 营业中 表意文字
8	🈵	Japanese “no vacancy” button	button ideograph japanese no vacancy	日文的“没有空位”按钮	座位 按键 日文 日本 满 表意文字
8	🔴	red circle	circle geometric red	红色圆	几何 圆 圈 红 红圈 红色
8	🟠	orange circle	circle orange	橙色圆	圆 圆圈 圈 橙
8	🟡	yellow circle	circle yellow	黄色圆	圆 圈 黄 黄色 黄色圆圈
8	🟢	green circle	circle green	绿色圆	圆 圆圈 圈 绿
8	🔵	blue circle	blue circle geometric	蓝色圆	圆 圈 蓝 蓝圈
8	🟣	purple circle	circle purple	紫色圆	圆 圆圈 圈 紫 紫色 紫色圆圈
8	🟤	brown circle	brown circle	棕色圆	圆 圆圈 圈 棕
8	⚫️	black circle	black circle geometric	黑色圆	圆 圈 黑
8	⚪️	white circle	circle geometric white	白色圆	圆 圈 白 白圈
8	🟥	red square	card penalty red square	红色方块	方块 方框 正方形 红 红色
8	🟧	orange square	orange square	橙色方块	方块 方框 橙 橙色 正方形
8	🟨	yellow square	card penalty square yellow	黄色方块	方块 方框 正方形 黄 黄色
8	🟩	green square	green square	绿色方块	方块 方框 正方形 绿 绿色
8	🟦	blue square	blue square	蓝色方块	方块 方框 正方形 蓝 蓝色
8	🟪	purple square	purple square	紫色方块	方块 方框 正方形 紫 紫色
8	🟫	brown square	brown square	棕色方块	方块 方框 棕 棕色 正方形
8	⬛️	black large square	black geometric large square	黑线大方框	大 方形 正方形 黑色 黑色大方形
8	⬜️	white large square	geometric large square white	白线大方框	大 方形 正方形 白色 白色方块
8	◼️	black medium square	black geometric medium square	黑色中方块	中等 几何 方形 正方形 黑色
8	◻️	white medium square	geometric medium square white	白色中方块	中等 方形 正方形 白色
8	◾️	black medium-small square	black geometric medium-small square	黑色中小方块	中小 方形 正方形 黑色
8	◽️	white medium-small square	geometric medium-small square white	白色中小方块	中小 正方形 几何 方形 白色
8	▪️	black small square	black geometric small square	黑色小方块	几何 几何图形 小 方形 正方形 黑色
8	▫️	white small square	geometric small square white	白色小方块	小 方形 正方形 白色
8	🔶	large orange diamond	diamond geometric large orange	橙色大菱形	大 方块 方片 橘色方块 橘黄色 橙色方块 菱形 钻石
8	🔷	large blue diamond	blue diamond geometric large	蓝色大菱形	大 方块 方片 菱形 蓝色 钻石
8	🔸	small orange diamond	diamond geometric orange small	橙色小菱形	小 方块 方片 橘色方块 橘黄色 菱形
8	🔹	small blue diamond	blue diamond geometric small	蓝色小菱形	小 方片 菱形 蓝色 蓝色方块 钻石
8	🔺	red triangle pointed up	geometric pointed red triangle up	红色正三角	三角形 向上 正三角 红色
8	🔻	red triangle pointed down	down geometric pointed red triangle	红色倒三角	三角形 下 倒三角 向下 红色
8	💠	diamond with a dot	comic diamond dot geometric	带圆点的菱形	中心 内部 圆 方块 方块内有点 梅花形 菱形
8	🔘	radio button	button geometric radio	单选按钮	单独 单选钮 圆心 按钮 按键 选中
8	🔳	white square button	button geometric outlined square white	白色方形按钮	按钮 方形 白线方形按钮 白线正方形按钮 白色正方形按钮 白边线方形按钮 白边线正方形按钮
8	🔲	black square button	black button geometric square	黑色方形按钮	几何 几何图形 按钮 方形 黑线方形按钮 黑线正方形按钮 黑色正方形按钮 黑边线方形按钮 黑边线正方形按钮
9	🏁	chequered flag	checkered chequered finish flag flags game race racing sport win	黑白方格旗	方格 格子旗 竞赛 终点 终点旗 黑白方格
9	🚩	triangular flag	construction flag golf post triangular	三角旗	升旗 旗 旗杆上的三角旗 旗杆上的旗帜 红色旗帜 高尔夫
9	🎌	crossed flags	celebration cross crossed flags japanese	交叉旗	对叉 旗 旗帜 日本
9	🏴	black flag	black flag waving	黑旗	举黑旗 摇黑棋 黑色旗 黑色旗子 黑色旗帜
9	🏳️	white flag	flag waving white	白旗	举白旗 摇白旗 白色旗子 白色旗帜
9	🏳️‍🌈	rainbow flag	bisexual flag gay genderqueer glbt glbtq lesbian lgbt lgbtq lgbtqia pride queer rainbow trans transgender	彩虹旗	双性 同性 多色 彩虹 旗 旗帜 跨性别
9	🏳️‍⚧️	transgender flag	blue flag light pink transgender white	跨性别旗	旗帜 浅蓝色 白色 粉红色 跨性别
9	🏴‍☠️	pirate flag	flag jolly pirate plunder roger treasure	海盗旗	掠夺 海上 财宝 骷髅
9	🇦🇨	flag: Ascension Island	AC flag	旗: 阿森松岛	AC 旗
9	🇦🇩	flag: Andorra	AD flag	旗: 安道尔	AD 旗
9	🇦🇪	flag: United Arab Emirates	AE flag	旗: 阿拉伯联合酋长国	AE 旗
9	🇦🇫	flag: Afghanistan	AF flag	旗: 阿富汗	AF 旗
9	🇦🇬	flag: Antigua & Barbuda	AG flag	旗: 安提瓜和巴布达	AG 旗
9	🇦🇮	flag: Anguilla	AI flag	旗: 安圭拉	AI 旗
9	🇦🇱	flag: Albania	AL flag	旗: 阿尔巴尼亚	AL 旗
9	🇦🇲	flag: Armenia	AM flag	旗: 亚美尼亚	AM 旗
9	🇦🇴	flag: Angola	AO flag	旗: 安哥拉	AO 旗
9	🇦🇶	flag: Antarctica	AQ flag	旗: 南极洲	AQ 旗
9	🇦🇷	flag: Argentina	AR flag	旗: 阿根廷	AR 旗
9	🇦🇸	flag: American Samoa	AS flag	旗: 美属萨摩亚	AS 旗
9	🇦🇹	flag: Austria	AT flag	旗: 奥地利	AT 旗
9	🇦🇺	flag: Australia	AU flag	旗: 澳大利亚	AU 旗
9	🇦🇼	flag: Aruba	AW flag	旗: 阿鲁巴	AW 旗
9	🇦🇽	flag: Åland Islands	AX flag	旗: 奥兰群岛	AX 旗
9	🇦🇿	flag: Azerbaijan	AZ flag	旗: 阿塞拜疆	AZ 旗
9	🇧🇦	flag: Bosnia & Herzegovina	BA flag	旗: 波斯尼亚和黑塞哥维那	BA 旗
9	🇧🇧	flag: Barbados	BB flag	旗: 巴巴多斯	BB 旗
9	🇧🇩	flag: Bangladesh	BD flag	旗: 孟加拉国	BD 旗
9	🇧🇪	flag: Belgium	BE flag	旗: 比利时	BE 旗
9	🇧🇫	flag: Burkina Faso	BF flag	旗: 布基纳法索	BF 旗
9	🇧🇬	flag: Bulgaria	BG flag	旗: 保加利亚	BG 旗
9	🇧🇭	flag: Bahrain	BH flag	旗: 巴林	BH 旗
9	🇧🇮	flag: Burundi	BI flag	旗: 布隆迪	BI 旗
9	🇧🇯	flag: Benin	BJ flag	旗: 贝宁	BJ 旗
9	🇧🇱	flag: St. Barthélemy	BL flag	旗: 圣巴泰勒米	BL 旗
9	🇧🇲	flag: Bermuda	BM flag	旗: 百慕大	BM 旗
9	🇧🇳	flag: Brunei	BN flag	旗: 文莱	BN 旗
9	🇧🇴	flag: Bolivia	BO flag	旗: 玻利维亚	BO 旗
9	🇧🇶	flag: Caribbean Netherlands	BQ flag	旗: 荷属加勒比区	BQ 旗
9	🇧🇷	flag: Brazil	BR flag	旗: 巴西	BR 旗
9	🇧🇸	flag: Bahamas	BS flag	旗: 巴哈马	BS 旗
9	🇧🇹	flag: Bhutan	BT flag	旗: 不丹	BT 旗
9	🇧🇻	flag: Bouvet Island	BV flag	旗: 布韦岛	BV 旗
9	🇧🇼	flag: Botswana	BW flag	旗: 博茨瓦纳	BW 旗
9	🇧🇾	flag: Belarus	BY flag	旗: 白俄罗斯	BY 旗
9	🇧🇿	flag: Belize	BZ flag	旗: 伯利兹	BZ 旗
9	🇨🇦	flag: Canada	CA flag	旗: 加拿大	CA 旗
9	🇨🇨	flag: Cocos (Keeling) Islands	CC flag	旗: 科科斯（基林）群岛	CC 旗
9	🇨🇩	flag: Congo - Kinshasa	CD flag	旗: 刚果（金）	CD 旗
9	🇨🇫	flag: Central African Republic	CF flag	旗: 中非共和国	CF 旗
9	🇨🇬	flag: Congo - Brazzaville	CG flag	旗: 刚果（布）	CG 旗
9	🇨🇭	flag: Switzerland	CH flag	旗: 瑞士	CH 旗
9	🇨🇮	flag: Côte d’Ivoire	CI flag	旗: 科特迪瓦	CI 旗
9	🇨🇰	flag: Cook Islands	CK flag	旗: 库克群岛	CK 旗
9	🇨🇱	flag: Chile	CL flag	旗: 智利	CL 旗
9	🇨🇲	flag: Cameroon	CM flag	旗: 喀麦隆	CM 旗
9	🇨🇳	flag: China	CN flag	旗: 中国	CN 旗
9	🇨🇴	flag: Colombia	CO flag	旗: 哥伦比亚	CO 旗
9	🇨🇵	flag: Clipperton Island	CP flag	旗: 克利珀顿岛	CP 旗
9	🇨🇷	flag: Costa Rica	CR flag	旗: 哥斯达黎加	CR 旗
9	🇨🇺	flag: Cuba	CU flag	旗: 古巴	CU 旗
9	🇨🇻	flag: Cape Verde	CV flag	旗: 佛得角	CV 旗
9	🇨🇼	flag: Curaçao	CW flag	旗: 库拉索	CW 旗
9	🇨🇽	flag: Christmas Island	CX flag	旗: 圣诞岛	CX 旗
9	🇨🇾	flag: Cyprus	CY flag	旗: 塞浦路斯	CY 旗
9	🇨🇿	flag: Czechia	CZ flag	旗: 捷克	CZ 旗
9	🇩🇪	flag: Germany	DE flag	旗: 德国	DE 旗
9	🇩🇬	flag: Diego Garcia	DG flag	旗: 迪戈加西亚岛	DG 旗
9	🇩🇯	flag: Djibouti	DJ flag	旗: 吉布提	DJ 旗
9	🇩🇰	flag: Denmark	DK flag	旗: 丹麦	DK 旗
9	🇩🇲	flag: Dominica	DM flag	旗: 多米尼克	DM 旗
9	🇩🇴	flag: Dominican Republic	DO flag	旗: 多米尼加共和国	DO 旗
9	🇩🇿	flag: Algeria	DZ flag	旗: 阿尔及利亚	DZ 旗
9	🇪🇦	flag: Ceuta & Melilla	EA flag	旗: 休达及梅利利亚	EA 旗
9	🇪🇨	flag: Ecuador	EC flag	旗: 厄瓜多尔	EC 旗
9	🇪🇪	flag: Estonia	EE flag	旗: 爱沙尼亚	EE 旗
9	🇪🇬	flag: Egypt	EG flag	旗: 埃及	EG 旗
9	🇪🇭	flag: Western Sahara	EH flag	旗: 西撒哈拉	EH 旗
9	🇪🇷	flag: Eritrea	ER flag	旗: 厄立特里亚	ER 旗
9	🇪🇸	flag: Spain	ES flag	旗: 西班牙	ES 旗
9	🇪🇹	flag: Ethiopia	ET flag	旗: 埃塞俄比亚	ET 旗
9	🇪🇺	flag: European Union	EU flag	旗: 欧盟	EU 旗
9	🇫🇮	flag: Finland	FI flag	旗: 芬兰	FI 旗
9	🇫🇯	flag: Fiji	FJ flag	旗: 斐济	FJ 旗
9	🇫🇰	flag: Falkland Islands	FK flag	旗: 福克兰群岛	FK 旗
9	🇫🇲	flag: Micronesia	FM flag	旗: 密克罗尼西亚	FM 旗
9	🇫🇴	flag: Faroe Islands	FO flag	旗: 法罗群岛	FO 旗
9	🇫🇷	flag: France	FR flag	旗: 法国	FR 旗
9	🇬🇦	flag: Gabon	GA flag	旗: 加蓬	GA 旗
9	🇬🇧	flag: United Kingdom	GB flag	旗: 英国	GB 旗
9	🇬🇩	flag: Grenada	GD flag	旗: 格林纳达	GD 旗
9	🇬🇪	flag: Georgia	GE flag	旗: 格鲁吉亚	GE 旗
9	🇬🇫	flag: French Guiana	GF flag	旗: 法属圭亚那	GF 旗
9	🇬🇬	flag: Guernsey	GG flag	旗: 根西岛	GG 旗
9	🇬🇭	flag: Ghana	GH flag	旗: 加纳	GH 旗
9	🇬🇮	flag: Gibraltar	GI flag	旗: 直布罗陀	GI 旗
9	🇬🇱	flag: Greenland	GL flag	旗: 格陵兰	GL 旗
9	🇬🇲	flag: Gambia	GM flag	旗: 冈比亚	GM 旗
9	🇬🇳	flag: Guinea	GN flag	旗: 几内亚	GN 旗
9	🇬🇵	flag: Guadeloupe	GP flag	旗: 瓜德罗普	GP 旗
9	🇬🇶	flag: Equatorial Guinea	GQ flag	旗: 赤道几内亚	GQ 旗
9	🇬🇷	flag: Greece	GR flag	旗: 希腊	GR 旗
9	🇬🇸	flag: South Georgia & South Sandwich Islands	GS flag	旗: 南乔治亚和南桑威奇群岛	GS 旗
9	🇬🇹	flag: Guatemala	GT flag	旗: 危地马拉	GT 旗
9	🇬🇺	flag: Guam	GU flag	旗: 关岛	GU 旗
9	🇬🇼	flag: Guinea-Bissau	GW flag	旗: 几内亚比绍	GW 旗
9	🇬🇾	flag: Guyana	GY flag	旗: 圭亚那	GY 旗
9	🇭🇰	flag: Hong Kong SAR China	HK flag	旗: 中国香港特别行政区	HK 旗
9	🇭🇲	flag: Heard & McDonald Islands	HM flag	旗: 赫德岛和麦克唐纳群岛	HM 旗
9	🇭🇳	flag: Honduras	HN flag	旗: 洪都拉斯	HN 旗
9	🇭🇷	flag: Croatia	HR flag	旗: 克罗地亚	HR 旗
9	🇭🇹	flag: Haiti	HT flag	旗: 海地	HT 旗
9	🇭🇺	flag: Hungary	HU flag	旗: 匈牙利	HU 旗
9	🇮🇨	flag: Canary Islands	IC flag	旗: 加纳利群岛	IC 旗
9	🇮🇩	flag: Indonesia	ID flag	旗: 印度尼西亚	ID 旗
9	🇮🇪	flag: Ireland	IE flag	旗: 爱尔兰	IE 旗
9	🇮🇱	flag: Israel	IL flag	旗: 以色列	IL 旗
9	🇮🇲	flag: Isle of Man	IM flag	旗: 马恩岛	IM 旗
9	🇮🇳	flag: India	IN flag	旗: 印度	IN 旗
9	🇮🇴	flag: British Indian Ocean Territory	IO flag	旗: 英属印度洋领地	IO 旗
9	🇮🇶	flag: Iraq	IQ flag	旗: 伊拉克	IQ 旗
9	🇮🇷	flag: Iran	IR flag	旗: 伊朗	IR 旗
9	🇮🇸	flag: Iceland	IS flag	旗: 冰岛	IS 旗
9	🇮🇹	flag: Italy	IT flag	旗: 意大利	IT 旗
9	🇯🇪	flag: Jersey	JE flag	旗: 泽西岛	JE 旗
9	🇯🇲	flag: Jamaica	JM flag	旗: 牙买加	JM 旗
9	🇯🇴	flag: Jordan	JO flag	旗: 约旦	JO 旗
9	🇯🇵	flag: Japan	JP flag	旗: 日本	JP 旗
9	🇰🇪	flag: Kenya	KE flag	旗: 肯尼亚	KE 旗
9	🇰🇬	flag: Kyrgyzstan	KG flag	旗: 吉尔吉斯斯坦	KG 旗
9	🇰🇭	flag: Cambodia	KH flag	旗: 柬埔寨	KH 旗
9	🇰🇮	flag: Kiribati	KI flag	旗: 基里巴斯	KI 旗
9	🇰🇲	flag: Comoros	KM flag	旗: 科摩罗	KM 旗
9	🇰🇳	flag: St. Kitts & Nevis	KN flag	旗: 圣基茨和尼维斯	KN 旗
9	🇰🇵	flag: North Korea	KP flag	旗: 朝鲜	KP 旗
9	🇰🇷	flag: South Korea	KR flag	旗: 韩国	KR 旗
9	🇰🇼	flag: Kuwait	KW flag	旗: 科威特	KW 旗
9	🇰🇾	flag: Cayman Islands	KY flag	旗: 开曼群岛	KY 旗
9	🇰🇿	flag: Kazakhstan	KZ flag	旗: 哈萨克斯坦	KZ 旗
9	🇱🇦	flag: Laos	LA flag	旗: 老挝	LA 旗
9	🇱🇧	flag: Lebanon	LB flag	旗: 黎巴嫩	LB 旗
9	🇱🇨	flag: St. Lucia	LC flag	旗: 圣卢西亚	LC 旗
9	🇱🇮	flag: Liechtenstein	LI flag	旗: 列支敦士登	LI 旗
9	🇱🇰	flag: Sri Lanka	LK flag	旗: 斯里兰卡	LK 旗
9	🇱🇷	flag: Liberia	LR flag	旗: 利比里亚	LR 旗
9	🇱🇸	flag: Lesotho	LS flag	旗: 莱索托	LS 旗
9	🇱🇹	flag: Lithuania	LT flag	旗: 立陶宛	LT 旗
9	🇱🇺	flag: Luxembourg	LU flag	旗: 卢森堡	LU 旗
9	🇱🇻	flag: Latvia	LV flag	旗: 拉脱维亚	LV 旗
9	🇱🇾	flag: Libya	LY flag	旗: 利比亚	LY 旗
9	🇲🇦	flag: Morocco	MA flag	旗: 摩洛哥	MA 旗
9	🇲🇨	flag: Monaco	MC flag	旗: 摩纳哥	MC 旗
9	🇲🇩	flag: Moldova	MD flag	旗: 摩尔多瓦	MD 旗
9	🇲🇪	flag: Montenegro	ME flag	旗: 黑山	ME 旗
9	🇲🇫	flag: St. Martin	MF flag	旗: 法属圣马丁	MF 旗
9	🇲🇬	flag: Madagascar	MG flag	旗: 马达加斯加	MG 旗
9	🇲🇭	flag: Marshall Islands	MH flag	旗: 马绍尔群岛	MH 旗
9	🇲🇰	flag: North Macedonia	MK flag	旗: 北马其顿	MK 旗
9	🇲🇱	flag: Mali	ML flag	旗: 马里	ML 旗
9	🇲🇲	flag: Myanmar (Burma)	MM flag	旗: 缅甸	MM 旗
9	🇲🇳	flag: Mongolia	MN flag	旗: 蒙古	MN 旗
9	🇲🇴	flag: Macao SAR China	MO flag	旗: 中国澳门特别行政区	MO 旗
9	🇲🇵	flag: Northern Mariana Islands	MP flag	旗: 北马里亚纳群岛	MP 旗
9	🇲🇶	flag: Martinique	MQ flag	旗: 马提尼克	MQ 旗
9	🇲🇷	flag: Mauritania	MR flag	旗: 毛里塔尼亚	MR 旗
9	🇲🇸	flag: Montserrat	MS flag	旗: 蒙特塞拉特	MS 旗
9	🇲🇹	flag: Malta	MT flag	旗: 马耳他	MT 旗
9	🇲🇺	flag: Mauritius	MU flag	旗: 毛里求斯	MU 旗
9	🇲🇻	flag: Maldives	MV flag	旗: 马尔代夫	MV 旗
9	🇲🇼	flag: Malawi	MW flag	旗: 马拉维	MW 旗
9	🇲🇽	flag: Mexico	MX flag	旗: 墨西哥	MX 旗
9	🇲🇾	flag: Malaysia	MY flag	旗: 马来西亚	MY 旗
9	🇲🇿	flag: Mozambique	MZ flag	旗: 莫桑比克	MZ 旗
9	🇳🇦	flag: Namibia	NA flag	旗: 纳米比亚	NA 旗
9	🇳🇨	flag: New Caledonia	NC flag	旗: 新喀里多尼亚	NC 旗
9	🇳🇪	flag: Niger	NE flag	旗: 尼日尔	NE 旗
9	🇳🇫	flag: Norfolk Island	NF flag	旗: 诺福克岛	NF 旗
9	🇳🇬	flag: Nigeria	NG flag	旗: 尼日利亚	NG 旗
9	🇳🇮	flag: Nicaragua	NI flag	旗: 尼加拉瓜	NI 旗
9	🇳🇱	flag: Netherlands	NL flag	旗: 荷兰	NL 旗
9	🇳🇴	flag: Norway	NO flag	旗: 挪威	NO 旗
9	🇳🇵	flag: Nepal	NP flag	旗: 尼泊尔	NP 旗
9	🇳🇷	flag: Nauru	NR flag	旗: 瑙鲁	NR 旗
9	🇳🇺	flag: Niue	NU flag	旗: 纽埃	NU 旗
9	🇳🇿	flag: New Zealand	NZ flag	旗: 新西兰	NZ 旗
9	🇴🇲	flag: Oman	OM flag	旗: 阿曼	OM 旗
9	🇵🇦	flag: Panama	PA flag	旗: 巴拿马	PA 旗
9	🇵🇪	flag: Peru	PE flag	旗: 秘鲁	PE 旗
9	🇵🇫	flag: French Polynesia	PF flag	旗: 法属波利尼西亚	PF 旗
9	🇵🇬	flag: Papua New Guinea	PG flag	旗: 巴布亚新几内亚	PG 旗
9	🇵🇭	flag: Philippines	PH flag	旗: 菲律宾	PH 旗
9	🇵🇰	flag: Pakistan	PK flag	旗: 巴基斯坦	PK 旗
9	🇵🇱	flag: Poland	PL flag	旗: 波兰	PL 旗
9	🇵🇲	flag: St. Pierre & Miquelon	PM flag	旗: 圣皮埃尔和密克隆群岛	PM 旗
9	🇵🇳	flag: Pitcairn Islands	PN flag	旗: 皮特凯恩群岛	PN 旗
9	🇵🇷	flag: Puerto Rico	PR flag	旗: 波多黎各	PR 旗
9	🇵🇸	flag: Palestinian Territories	PS flag	旗: 巴勒斯坦领土	PS 旗
9	🇵🇹	flag: Portugal	PT flag	旗: 葡萄牙	PT 旗
9	🇵🇼	flag: Palau	PW flag	旗: 帕劳	PW 旗
9	🇵🇾	flag: Paraguay	PY flag	旗: 巴拉圭	PY 旗
9	🇶🇦	flag: Qatar	QA flag	旗: 卡塔尔	QA 旗
9	🇷🇪	flag: Réunion	RE flag	旗: 留尼汪	RE 旗
9	🇷🇴	flag: Romania	RO flag	旗: 罗马尼亚	RO 旗
9	🇷🇸	flag: Serbia	RS flag	旗: 塞尔维亚	RS 旗
9	🇷🇺	flag: Russia	RU flag	旗: 俄罗斯	RU 旗
9	🇷🇼	flag: Rwanda	RW flag	旗: 卢旺达	RW 旗
9	🇸🇦	flag: Saudi Arabia	SA flag	旗: 沙特阿拉伯	SA 旗
9	🇸🇧	flag: Solomon Islands	SB flag	旗: 所罗门群岛	SB 旗
9	🇸🇨	flag: Seychelles	SC flag	旗: 塞舌尔	SC 旗
9	🇸🇩	flag: Sudan	SD flag	旗: 苏丹	SD 旗
9	🇸🇪	flag: Sweden	SE flag	旗: 瑞典	SE 旗
9	🇸🇬	flag: Singapore	SG flag	旗: 新加坡	SG 旗
9	🇸🇭	flag: St. Helena	SH flag	旗: 圣赫勒拿	SH 旗
9	🇸🇮	flag: Slovenia	SI flag	旗: 斯洛文尼亚	SI 旗
9	🇸🇯	flag: Svalbard & Jan Mayen	SJ flag	旗: 斯瓦尔巴和扬马延	SJ 旗
9	🇸🇰	flag: Slovakia	SK flag	旗: 斯洛伐克	SK 旗
9	🇸🇱	flag: Sierra Leone	SL flag	旗: 塞拉利昂	SL 旗
9	🇸🇲	flag: San Marino	SM flag	旗: 圣马力诺	SM 旗
9	🇸🇳	flag: Senegal	SN flag	旗: 塞内加尔	SN 旗
9	🇸🇴	flag: Somalia	SO flag	旗: 索马里	SO 旗
9	🇸🇷	flag: Suriname	SR flag	旗: 苏里南	SR 旗
9	🇸🇸	flag: South Sudan	SS flag	旗: 南苏丹	SS 旗
9	🇸🇹	flag: São Tomé & Príncipe	ST flag	旗: 圣多美和普林西比	ST 旗
9	🇸🇻	flag: El Salvador	SV flag	旗: 萨尔瓦多	SV 旗
9	🇸🇽	flag: Sint Maarten	SX flag	旗: 荷属圣马丁	SX 旗
9	🇸🇾	flag: Syria	SY flag	旗: 叙利亚	SY 旗
9	🇸🇿	flag: Eswatini	SZ flag	旗: 斯威士兰	SZ 旗
9	🇹🇦	flag: Tristan da Cunha	TA flag	旗: 特里斯坦-达库尼亚群岛	TA 旗
9	🇹🇨	flag: Turks & Caicos Islands	TC flag	旗: 特克斯和凯科斯群岛	TC 旗
9	🇹🇩	flag: Chad	TD flag	旗: 乍得	TD 旗
9	🇹🇫	flag: French Southern Territories	TF flag	旗: 法属南部领地	TF 旗
9	🇹🇬	flag: Togo	TG flag	旗: 多哥	TG 旗
9	🇹🇭	flag: Thailand	TH flag	旗: 泰国	TH 旗
9	🇹🇯	flag: Tajikistan	TJ flag	旗: 塔吉克斯坦	TJ 旗
9	🇹🇰	flag: Tokelau	TK flag	旗: 托克劳	TK 旗
9	🇹🇱	flag: Timor-Leste	TL flag	旗: 东帝汶	TL 旗
9	🇹🇲	flag: Turkmenistan	TM flag	旗: 土库曼斯坦	TM 旗
9	🇹🇳	flag: Tunisia	TN flag	旗: 突尼斯	TN 旗
9	🇹🇴	flag: Tonga	TO flag	旗: 汤加	TO 旗
9	🇹🇷	flag: Türkiye	TR flag	旗: 土耳其	TR 旗
9	🇹🇹	flag: Trinidad & Tobago	TT flag	旗: 特立尼达和多巴哥	TT 旗
9	🇹🇻	flag: Tuvalu	TV flag	旗: 图瓦卢	TV 旗
9	🇹🇼	flag: Taiwan	TW flag	旗: 台湾	TW 旗
9	🇹🇿	flag: Tanzania	TZ flag	旗: 坦桑尼亚	TZ 旗
9	🇺🇦	flag: Ukraine	UA flag	旗: 乌克兰	UA 旗
9	🇺🇬	flag: Uganda	UG flag	旗: 乌干达	UG 旗
9	🇺🇲	flag: U.S. Outlying Islands	UM flag	旗: 美国本土外小岛屿	UM 旗
9	🇺🇳	flag: United Nations	UN flag	旗: 联合国	UN 旗
9	🇺🇸	flag: United States	US flag	旗: 美国	US 旗
9	🇺🇾	flag: Uruguay	UY flag	旗: 乌拉圭	UY 旗
9	🇺🇿	flag: Uzbekistan	UZ flag	旗: 乌兹别克斯坦	UZ 旗
9	🇻🇦	flag: Vatican City	VA flag	旗: 梵蒂冈	VA 旗
9	🇻🇨	flag: St. Vincent & Grenadines	VC flag	旗: 圣文森特和格林纳丁斯	VC 旗
9	🇻🇪	flag: Venezuela	VE flag	旗: 委内瑞拉	VE 旗
9	🇻🇬	flag: British Virgin Islands	VG flag	旗: 英属维尔京群岛	VG 旗
9	🇻🇮	flag: U.S. Virgin Islands	VI flag	旗: 美属维尔京群岛	VI 旗
9	🇻🇳	flag: Vietnam	VN flag	旗: 越南	VN 旗
9	🇻🇺	flag: Vanuatu	VU flag	旗: 瓦努阿图	VU 旗
9	🇼🇫	flag: Wallis & Futuna	WF flag	旗: 瓦利斯和富图纳	WF 旗
9	🇼🇸	flag: Samoa	WS flag	旗: 萨摩亚	WS 旗
9	🇽🇰	flag: Kosovo	XK flag	旗: 科索沃	XK 旗
9	🇾🇪	flag: Yemen	YE flag	旗: 也门	YE 旗
9	🇾🇹	flag: Mayotte	YT flag	旗: 马约特	YT 旗
9	🇿🇦	flag: South Africa	ZA flag	旗: 南非	ZA 旗
9	🇿🇲	flag: Zambia	ZM flag	旗: 赞比亚	ZM 旗
9	🇿🇼	flag: Zimbabwe	ZW flag	旗: 津巴布韦	ZW 旗
9	🏴󠁧󠁢󠁥󠁮󠁧󠁿	flag: England	flag gbeng	旗: 英格兰	gbeng 旗
9	🏴󠁧󠁢󠁳󠁣󠁴󠁿	flag: Scotland	flag gbsct	旗: 苏格兰	gbsct 旗
9	🏴󠁧󠁢󠁷󠁬󠁳󠁿	flag: Wales	flag gbwls	旗: 威尔士	gbwls 旗
